"stationName","lineName","operatorName","stationCode","externalCode","branchKey","destinationName","displayLabel","previousStation","nextStation","priority","isActive","note","searchTokens"
"구로","1호선","코레일","1701","141","1호선-경부본선","소요산행","구로역 1호선 소요산행","신도림","가산디지털단지","1","true","상행 본선 방향","1호선|1호선역|구로|구로역|구로역 1호선 소요산|구로역 1호선 소요산행|구로역 1호선 소요산행역|소요산|소요산행|소요산행역"
"구로","1호선","코레일","1701","141","1호선-인천지선","인천행","구로역 1호선 인천행","신도림","가산디지털단지","1","true","인천 방면 분기","1호선|1호선역|구로|구로역|구로역 1호선 인천|구로역 1호선 인천행|구로역 1호선 인천행역|인천|인천행|인천행역"
"구로","1호선","코레일","1701","141","1호선-광명지선","광명행","구로역 1호선 광명행","신도림","가산디지털단지","2","true","광명 셔틀 분기","1호선|1호선역|광명|광명행|광명행역|구로|구로역|구로역 1호선 광명|구로역 1호선 광명행|구로역 1호선 광명행역"
"구로","1호선","코레일","1701","141","1호선-경부본선","연천행","구로역 1호선 연천행","신도림","가산디지털단지","2","true","상행 연장 구간 포함","1호선|1호선역|구로|구로역|구로역 1호선 연천|구로역 1호선 연천행|구로역 1호선 연천행역|연천|연천행|연천행역"
"금천구청","1호선","코레일","1703","P144","1호선-경부본선","신창행","금천구청역 1호선 신창행","독산","오류동","1","true","하행 본선 방향","1호선|1호선역|금천구청|금천구청역|금천구청역 1호선 신창|금천구청역 1호선 신창행|금천구청역 1호선 신창행역|신창|신창행|신창행역"
"금천구청","1호선","코레일","1703","P144","1호선-광명지선","광명행","금천구청역 1호선 광명행","독산","오류동","2","true","광명 지선 분기","1호선|1호선역|광명|광명행|광명행역|금천구청|금천구청역|금천구청역 1호선 광명|금천구청역 1호선 광명행|금천구청역 1호선 광명행역"
"병점","1호선","코레일","1716","P157","1호선-경부본선","신창행","병점역 1호선 신창행","도화","서동탄","1","true","천안 신창 방면","1호선|1호선역|병점|병점역|병점역 1호선 신창|병점역 1호선 신창행|병점역 1호선 신창행역|신창|신창행|신창행역"
"병점","1호선","코레일","1716","P157","1호선-서동탄지선","서동탄행","병점역 1호선 서동탄행","도화","서동탄","2","true","서동탄 지선 분기","1호선|1호선역|병점|병점역|병점역 1호선 서동탄|병점역 1호선 서동탄행|병점역 1호선 서동탄행역|서동탄|서동탄행|서동탄행역"
"까치산","2호선","서울교통공사","0200","234-4","2호선-신정지선","신도림행","까치산역 2호선 신도림행","신정네거리","신림","1","true","신정지선 말단","2호선|2호선역|까치산|까치산역|까치산역 2호선 신도림|까치산역 2호선 신도림행|까치산역 2호선 신도림행역|신도림|신도림행|신도림행역"
"도림천","2호선","서울교통공사","0247","234-1","2호선-신정지선","신도림행","도림천역 2호선 신도림행","대림(구로구청)","구로디지털단지","1","true","신정지선 복귀","2호선|2호선역|도림천|도림천역|도림천역 2호선 신도림|도림천역 2호선 신도림행|도림천역 2호선 신도림행역|신도림|신도림행|신도림행역"
"성수","2호선","서울교통공사","0211","211","2호선-본선-내선","잠실행","성수역 2호선 잠실행","건대입구","뚝섬","1","true","본선 순환","2호선|2호선역|성수|성수역|성수역 2호선 잠실|성수역 2호선 잠실행|성수역 2호선 잠실행역|잠실|잠실행|잠실행역"
"성수","2호선","서울교통공사","0211","211","2호선-본선-외선","시청행","성수역 2호선 시청행","건대입구","뚝섬","2","true","본선 순환","2호선|2호선역|성수|성수역|성수역 2호선 시청|성수역 2호선 시청행|성수역 2호선 시청행역|시청|시청행|시청행역"
"성수","2호선","서울교통공사","0211","211","2호선-성수지선","용답행","성수역 2호선 용답행","건대입구","뚝섬","3","true","성수지선 분기","2호선|2호선역|성수|성수역|성수역 2호선 용답|성수역 2호선 용답행|성수역 2호선 용답행역|용답|용답행|용답행역"
"시청","2호선","서울교통공사","0201","201","2호선-본선-내선","성수행","시청역 2호선 성수행","","충정로(경기대입구)","1","true","순환선 내선 기준","2호선|2호선역|성수|성수행|성수행역|시청|시청역|시청역 2호선 성수|시청역 2호선 성수행|시청역 2호선 성수행역"
"시청","2호선","서울교통공사","0201","201","2호선-본선-외선","신도림행","시청역 2호선 신도림행","","충정로(경기대입구)","2","true","순환선 외선 기준","2호선|2호선역|시청|시청역|시청역 2호선 신도림|시청역 2호선 신도림행|시청역 2호선 신도림행역|신도림|신도림행|신도림행역"
"신도림","2호선","서울교통공사","0234","234","2호선-본선-내선","성수행","신도림역 2호선 성수행","문래","대림(구로구청)","1","true","본선 순환","2호선|2호선역|성수|성수행|성수행역|신도림|신도림역|신도림역 2호선 성수|신도림역 2호선 성수행|신도림역 2호선 성수행역"
"신도림","2호선","서울교통공사","0234","234","2호선-본선-외선","시청행","신도림역 2호선 시청행","문래","대림(구로구청)","2","true","본선 순환","2호선|2호선역|시청|시청행|시청행역|신도림|신도림역|신도림역 2호선 시청|신도림역 2호선 시청행|신도림역 2호선 시청행역"
"신도림","2호선","서울교통공사","0234","234","2호선-신정지선","까치산행","신도림역 2호선 까치산행","문래","대림(구로구청)","3","true","신정지선 분기","2호선|2호선역|까치산|까치산행|까치산행역|신도림|신도림역|신도림역 2호선 까치산|신도림역 2호선 까치산행|신도림역 2호선 까치산행역"
"신설동","2호선","서울교통공사","0246","211-4","2호선-성수지선","성수행","신설동역 2호선 성수행","상왕십리","신당","1","true","성수지선 말단","2호선|2호선역|성수|성수행|성수행역|신설동|신설동역|신설동역 2호선 성수|신설동역 2호선 성수행|신설동역 2호선 성수행역"
"신정네거리","2호선","서울교통공사","0249","234-3","2호선-신정지선","신도림행","신정네거리역 2호선 신도림행","신대방","까치산","1","true","신정지선 중간역","2호선|2호선역|신도림|신도림행|신도림행역|신정네거리|신정네거리역|신정네거리역 2호선 신도림|신정네거리역 2호선 신도림행|신정네거리역 2호선 신도림행역"
"양천구청","2호선","서울교통공사","0248","234-2","2호선-신정지선","신도림행","양천구청역 2호선 신도림행","구로디지털단지","신대방","1","true","신정지선 중간역","2호선|2호선역|신도림|신도림행|신도림행역|양천구청|양천구청역|양천구청역 2호선 신도림|양천구청역 2호선 신도림행|양천구청역 2호선 신도림행역"
"용답","2호선","서울교통공사","0244","211-1","2호선-성수지선","성수행","용답역 2호선 성수행","뚝섬","신답","1","true","지선 복귀","2호선|2호선역|성수|성수행|성수행역|용답|용답역|용답역 2호선 성수|용답역 2호선 성수행|용답역 2호선 성수행역"
"대화","3호선","코레일","1958","309","3호선-본선","오금행","대화역 3호선 오금행","","주엽","1","true","단순 본선","3호선|3호선역|대화|대화역|대화역 3호선 오금|대화역 3호선 오금행|대화역 3호선 오금행역|오금|오금행|오금행역"
"오금","3호선","서울교통공사","0342","352","3호선-본선","대화행","오금역 3호선 대화행","경찰병원","","1","true","단순 본선","3호선|3호선역|대화|대화행|대화행역|오금|오금역|오금역 3호선 대화|오금역 3호선 대화행|오금역 3호선 대화행역"
"오이도","4호선","코레일","1762","456","4호선-본선","진접행","오이도역 4호선 진접행","정왕","","1","true","단순 본선","4호선|4호선역|오이도|오이도역|오이도역 4호선 진접|오이도역 4호선 진접행|오이도역 4호선 진접행역|진접|진접행|진접행역"
"진접","4호선","남양주도시공사","0405","405","4호선-본선","오이도행","진접역 4호선 오이도행","","오남","1","true","단순 본선","4호선|4호선역|오이도|오이도행|오이도행역|진접|진접역|진접역 4호선 오이도|진접역 4호선 오이도행|진접역 4호선 오이도행역"
"강동","5호선","서울교통공사","2549","548","5호선-하남연장","하남검단산행","강동역 5호선 하남검단산행","천호(풍납토성)","길동","1","true","하남 연장 분기점","5호선|5호선역|강동|강동역|강동역 5호선 하남검단산|강동역 5호선 하남검단산행|강동역 5호선 하남검단산행역|하남검단산|하남검단산행|하남검단산행역"
"강동","5호선","서울교통공사","2549","548","5호선-마천지선","마천행","강동역 5호선 마천행","천호(풍납토성)","길동","2","true","마천 지선 분기점","5호선|5호선역|강동|강동역|강동역 5호선 마천|강동역 5호선 마천행|강동역 5호선 마천행역|마천|마천행|마천행역"
"거여","5호선","서울교통공사","2560","P554","5호선-마천지선","마천행","거여역 5호선 마천행","강일","마천","1","true","마천 지선 중간","5호선|5호선역|거여|거여역|거여역 5호선 마천|거여역 5호선 마천행|거여역 5호선 마천행역|마천|마천행|마천행역"
"둔촌동","5호선","서울교통공사","2555","P549","5호선-마천지선","마천행","둔촌동역 5호선 마천행","길동","굽은다리(강동구민회관앞)","1","true","마천 지선 진입","5호선|5호선역|둔촌동|둔촌동역|둔촌동역 5호선 마천|둔촌동역 5호선 마천행|둔촌동역 5호선 마천행역|마천|마천행|마천행역"
"마천","5호선","서울교통공사","2561","P555","5호선-마천지선","방화행","마천역 5호선 방화행","거여","미사","1","true","마천 지선 말단","5호선|5호선역|마천|마천역|마천역 5호선 방화|마천역 5호선 방화행|마천역 5호선 방화행역|방화|방화행|방화행역"
"미사","5호선","서울교통공사","2563","555","5호선-하남연장","방화행","미사역 5호선 방화행","마천","하남풍산","1","true","하남 연장 중간","5호선|5호선역|미사|미사역|미사역 5호선 방화|미사역 5호선 방화행|미사역 5호선 방화행역|방화|방화행|방화행역"
"방이","5호선","서울교통공사","2557","P551","5호선-마천지선","마천행","방이역 5호선 마천행","명일","고덕","1","true","마천 지선 중간","5호선|5호선역|마천|마천행|마천행역|방이|방이역|방이역 5호선 마천|방이역 5호선 마천행|방이역 5호선 마천행역"
"방화","5호선","서울교통공사","2511","510","5호선-본선","하남검단산행","방화역 5호선 하남검단산행","","개화산","1","true","본선 동쪽 기본","5호선|5호선역|방화|방화역|방화역 5호선 하남검단산|방화역 5호선 하남검단산행|방화역 5호선 하남검단산행역|하남검단산|하남검단산행|하남검단산행역"
"방화","5호선","서울교통공사","2511","510","5호선-마천지선","마천행","방화역 5호선 마천행","","개화산","2","true","마천 방면 분기 포함","5호선|5호선역|마천|마천행|마천행역|방화|방화역|방화역 5호선 마천|방화역 5호선 마천행|방화역 5호선 마천행역"
"상일동","5호선","서울교통공사","2554","553","5호선-하남연장","하남검단산행","상일동역 5호선 하남검단산행","개롱","강일","1","true","하남 연장 진입","5호선|5호선역|상일동|상일동역|상일동역 5호선 하남검단산|상일동역 5호선 하남검단산행|상일동역 5호선 하남검단산행역|하남검단산|하남검단산행|하남검단산행역"
"오금","5호선","서울교통공사","2558","P552","5호선-마천지선","마천행","오금역 5호선 마천행","고덕","개롱","1","true","마천 지선 중간","5호선|5호선역|마천|마천행|마천행역|오금|오금역|오금역 5호선 마천|오금역 5호선 마천행|오금역 5호선 마천행역"
"올림픽공원(한국체대)","5호선","서울교통공사","","","5호선-마천지선","마천행","올림픽공원(한국체대)역 5호선 마천행","굽은다리(강동구민회관앞)","명일","1","true","마천 지선 중간","5호선|5호선역|마천|마천행|마천행역|올림픽공원(한국체대)|올림픽공원(한국체대)역|올림픽공원(한국체대)역 5호선 마천|올림픽공원(한국체대)역 5호선 마천행|올림픽공원(한국체대)역 5호선 마천행역"
"하남검단산역","5호선","서울교통공사","","","5호선-하남연장","방화행","하남검단산역역 5호선 방화행","하남시청(덕풍.신장)","","1","true","하남 연장 말단","5호선|5호선역|방화|방화행|방화행역|하남검단산|하남검단산역|하남검단산역역 5호선 방화|하남검단산역역 5호선 방화행|하남검단산역역 5호선 방화행역"
"하남시청(덕풍.신장)","5호선","서울교통공사","","","5호선-하남연장","방화행","하남시청(덕풍.신장)역 5호선 방화행","하남풍산","하남검단산역","1","true","하남 연장 중간","5호선|5호선역|방화|방화행|방화행역|하남시청(덕풍.신장)|하남시청(덕풍.신장)역|하남시청(덕풍.신장)역 5호선 방화|하남시청(덕풍.신장)역 5호선 방화행|하남시청(덕풍.신장)역 5호선 방화행역"
"하남풍산","5호선","서울교통공사","2564","556","5호선-하남연장","방화행","하남풍산역 5호선 방화행","미사","하남시청(덕풍.신장)","1","true","하남 연장 중간","5호선|5호선역|방화|방화행|방화행역|하남풍산|하남풍산역|하남풍산역 5호선 방화|하남풍산역 5호선 방화행|하남풍산역 5호선 방화행역"
"구산","6호선","서울교통공사","2616","615","6호선-응암순환","봉화산행","구산역 6호선 봉화산행","연신내","새절(신사)","1","true","응암순환 구간","6호선|6호선역|구산|구산역|구산역 6호선 봉화산|구산역 6호선 봉화산행|구산역 6호선 봉화산행역|봉화산|봉화산행|봉화산행역"
"독바위","6호선","서울교통공사","2614","613","6호선-응암순환","봉화산행","독바위역 6호선 봉화산행","불광","연신내","1","true","응암순환 구간","6호선|6호선역|독바위|독바위역|독바위역 6호선 봉화산|독바위역 6호선 봉화산행|독바위역 6호선 봉화산행역|봉화산|봉화산행|봉화산행역"
"불광","6호선","서울교통공사","2613","612","6호선-응암순환","봉화산행","불광역 6호선 봉화산행","역촌","독바위","1","true","응암순환 구간","6호선|6호선역|봉화산|봉화산행|봉화산행역|불광|불광역|불광역 6호선 봉화산|불광역 6호선 봉화산행|불광역 6호선 봉화산행역"
"신내","6호선","서울교통공사","2649","648","6호선-본선","응암행","신내역 6호선 응암행","봉화산(서울의료원)","","1","true","본선 말단","6호선|6호선역|신내|신내역|신내역 6호선 응암|신내역 6호선 응암행|신내역 6호선 응암행역|응암|응암행|응암행역"
"역촌","6호선","서울교통공사","2612","611","6호선-응암순환","봉화산행","역촌역 6호선 봉화산행","응암","불광","1","true","응암순환 구간","6호선|6호선역|봉화산|봉화산행|봉화산행역|역촌|역촌역|역촌역 6호선 봉화산|역촌역 6호선 봉화산행|역촌역 6호선 봉화산행역"
"연신내","6호선","서울교통공사","2615","614","6호선-응암순환","봉화산행","연신내역 6호선 봉화산행","독바위","구산","1","true","응암순환 구간","6호선|6호선역|봉화산|봉화산행|봉화산행역|연신내|연신내역|연신내역 6호선 봉화산|연신내역 6호선 봉화산행|연신내역 6호선 봉화산행역"
"응암","6호선","서울교통공사","2611","610","6호선-응암순환","봉화산행","응암역 6호선 봉화산행","","역촌","1","true","응암순환 기점 표기 보정","6호선|6호선역|봉화산|봉화산행|봉화산행역|응암|응암역|응암역 6호선 봉화산|응암역 6호선 봉화산행|응암역 6호선 봉화산행역"
"석남(거북시장)","7호선","인천교통공사","","","7호선-본선","장암행","석남(거북시장)역 7호선 장암행","산곡","","1","true","단순 본선","7호선|7호선역|석남(거북시장)|석남(거북시장)역|석남(거북시장)역 7호선 장암|석남(거북시장)역 7호선 장암행|석남(거북시장)역 7호선 장암행역|장암|장암행|장암행역"
"장암","7호선","서울교통공사","2711","709","7호선-본선","석남행","장암역 7호선 석남행","","도봉산","1","true","단순 본선","7호선|7호선역|석남|석남행|석남행역|장암|장암역|장암역 7호선 석남|장암역 7호선 석남행|장암역 7호선 석남행역"
"모란","8호선","서울교통공사","2827","827","8호선-본선","별내행","모란역 8호선 별내행","수진","","1","true","단순 본선","8호선|8호선역|모란|모란역|모란역 8호선 별내|모란역 8호선 별내행|모란역 8호선 별내행역|별내|별내행|별내행역"
"별내","8호선","남양주도시공사","2805","804","8호선-본선","모란행","별내역 8호선 모란행","","다산","1","true","단순 본선","8호선|8호선역|모란|모란행|모란행역|별내|별내역|별내역 8호선 모란|별내역 8호선 모란행|별내역 8호선 모란행역"
"개화","9호선","서울시메트로9호선주식회사","4101","901","9호선-본선","중앙보훈병원행","개화역 9호선 중앙보훈병원행","","김포공항","1","true","단순 본선","9호선|9호선역|개화|개화역|개화역 9호선 중앙보훈병원|개화역 9호선 중앙보훈병원행|개화역 9호선 중앙보훈병원행역|중앙보훈병원|중앙보훈병원행|중앙보훈병원행역"
"중앙보훈병원","9호선","서울시메트로9호선주식회사","4138","938","9호선-본선","개화행","중앙보훈병원역 9호선 개화행","둔촌오륜","","1","true","단순 본선","9호선|9호선역|개화|개화행|개화행역|중앙보훈병원|중앙보훈병원역|중앙보훈병원역 9호선 개화|중앙보훈병원역 9호선 개화행|중앙보훈병원역 9호선 개화행역"
"수서","GTX-A","지티엑스에이운영","0008","X108","GTX-A-본선","운정중앙행","수서역 GTX-A 운정중앙행","","성남","1","true","단순 본선","GTX-A|GTX-A역|수서|수서역|수서역 GTX-A 운정중앙|수서역 GTX-A 운정중앙행|수서역 GTX-A 운정중앙행역|운정중앙|운정중앙행|운정중앙행역"
"운정중앙","GTX-A","지티엑스에이운영","9000","X101","GTX-A-본선","수서행","운정중앙역 GTX-A 수서행","킨텍스","","1","true","단순 본선","GTX-A|GTX-A역|수서|수서행|수서행역|운정중앙|운정중앙역|운정중앙역 GTX-A 수서|운정중앙역 GTX-A 수서행|운정중앙역 GTX-A 수서행역"
"가좌","경의중앙선","코레일","","","경의중앙-본선","지평행","가좌역 경의중앙선 지평행","서울역","홍대입구","1","true","중앙선 직결","가좌|가좌역|가좌역 경의중앙선 지평|가좌역 경의중앙선 지평행|가좌역 경의중앙선 지평행역|경의중앙선|경의중앙선역|지평|지평행|지평행역"
"가좌","경의중앙선","코레일","","","경의중앙-서울지선","서울역행","가좌역 경의중앙선 서울역행","서울역","홍대입구","2","true","서울역 지선","가좌|가좌역|가좌역 경의중앙선 서울역|가좌역 경의중앙선 서울역행|가좌역 경의중앙선 서울역행역|경의중앙선|경의중앙선역|서울역|서울역행|서울역행역"
"공덕","경의중앙선","코레일","","","경의중앙-서울지선","서울역행","공덕역 경의중앙선 서울역행","서강대","효창공원앞","1","true","서울역 지선 중간","경의중앙선|경의중앙선역|공덕|공덕역|공덕역 경의중앙선 서울역|공덕역 경의중앙선 서울역행|공덕역 경의중앙선 서울역행역|서울역|서울역행|서울역행역"
"디지털미디어시티","경의중앙선","코레일","","","경의중앙-본선","지평행","디지털미디어시티역 경의중앙선 지평행","신촌","서울역","1","true","본선","경의중앙선|경의중앙선역|디지털미디어시티|디지털미디어시티역|디지털미디어시티역 경의중앙선 지평|디지털미디어시티역 경의중앙선 지평행|디지털미디어시티역 경의중앙선 지평행역|지평|지평행|지평행역"
"디지털미디어시티","경의중앙선","코레일","","","경의중앙-서울지선","서울역행","디지털미디어시티역 경의중앙선 서울역행","신촌","서울역","2","true","서울역 지선","경의중앙선|경의중앙선역|디지털미디어시티|디지털미디어시티역|디지털미디어시티역 경의중앙선 서울역|디지털미디어시티역 경의중앙선 서울역행|디지털미디어시티역 경의중앙선 서울역행역|서울역|서울역행|서울역행역"
"서울역","경의중앙선","코레일","","","경의중앙-서울지선","가좌행","서울역역 경의중앙선 가좌행","디지털미디어시티","가좌","1","true","서울역 지선 말단","가좌|가좌행|가좌행역|경의중앙선|경의중앙선역|서울|서울역|서울역역 경의중앙선 가좌|서울역역 경의중앙선 가좌행|서울역역 경의중앙선 가좌행역"
"용산","경의중앙선","코레일","","","경의중앙-본선","문산행","용산역 경의중앙선 문산행","효창공원앞","이촌","1","true","서쪽 방면","경의중앙선|경의중앙선역|문산|문산행|문산행역|용산|용산역|용산역 경의중앙선 문산|용산역 경의중앙선 문산행|용산역 경의중앙선 문산행역"
"용산","경의중앙선","코레일","","","경의중앙-본선","지평행","용산역 경의중앙선 지평행","효창공원앞","이촌","2","true","동쪽 방면","경의중앙선|경의중앙선역|용산|용산역|용산역 경의중앙선 지평|용산역 경의중앙선 지평행|용산역 경의중앙선 지평행역|지평|지평행|지평행역"
"지평","경의중앙선","코레일","","","경의중앙-본선","문산행","지평역 경의중앙선 문산행","용문","","1","true","동쪽 말단","경의중앙선|경의중앙선역|문산|문산행|문산행역|지평|지평역|지평역 경의중앙선 문산|지평역 경의중앙선 문산행|지평역 경의중앙선 문산행역"
"청량리","경춘선","코레일","","","경춘-본선","춘천행","청량리역 경춘선 춘천행","","회기","1","true","단순 본선","경춘선|경춘선역|청량리|청량리역|청량리역 경춘선 춘천|청량리역 경춘선 춘천행|청량리역 경춘선 춘천행역|춘천|춘천행|춘천행역"
"춘천(한림대)","경춘선","코레일","","","경춘-본선","청량리행","춘천(한림대)역 경춘선 청량리행","남춘천(강원대)","","1","true","단순 본선","경춘선|경춘선역|청량리|청량리행|청량리행역|춘천(한림대)|춘천(한림대)역|춘천(한림대)역 경춘선 청량리|춘천(한림대)역 경춘선 청량리행|춘천(한림대)역 경춘선 청량리행역"
"서울역","공항철도","공항철도주식회사","","","공항-본선","인천공항2터미널행","서울역역 공항철도 인천공항2터미널행","","공덕","1","true","단순 본선","공항철도|공항철도역|서울|서울역|서울역역 공항철도 인천공항2터미널|서울역역 공항철도 인천공항2터미널행|서울역역 공항철도 인천공항2터미널행역|인천공항2터미널|인천공항2터미널행|인천공항2터미널행역"
"인천공항2터미널","공항철도","공항철도주식회사","","","공항-본선","서울역행","인천공항2터미널역 공항철도 서울역행","인천공항1터미널","","1","true","단순 본선","공항철도|공항철도역|서울역|서울역행|서울역행역|인천공항2터미널|인천공항2터미널역|인천공항2터미널역 공항철도 서울역|인천공항2터미널역 공항철도 서울역행|인천공항2터미널역 공항철도 서울역행역"
"김포공항","김포골드라인","김포골드라인운영주식회사","","","김포골드라인-본선","양촌행","김포공항역 김포골드라인 양촌행","고촌","","1","true","단순 본선","김포골드라인|김포골드라인역|김포공항|김포공항역|김포공항역 김포골드라인 양촌|김포공항역 김포골드라인 양촌행|김포공항역 김포골드라인 양촌행역|양촌|양촌행|양촌행역"
"양촌","김포골드라인","김포골드라인운영주식회사","","","김포골드라인-본선","김포공항행","양촌역 김포골드라인 김포공항행","","구래","1","true","단순 본선","김포골드라인|김포골드라인역|김포공항|김포공항행|김포공항행역|양촌|양촌역|양촌역 김포골드라인 김포공항|양촌역 김포골드라인 김포공항행|양촌역 김포골드라인 김포공항행역"
"원시","서해선","서해철도주식회사","4815","S28","서해선-본선","일산행","원시역 서해선 일산행","시우","","1","true","단순 본선","서해선|서해선역|원시|원시역|원시역 서해선 일산|원시역 서해선 일산행|원시역 서해선 일산행역|일산|일산행|일산행역"
"일산","서해선","코레일","108C","S07","서해선-본선","원시행","일산역 서해선 원시행","","풍산","1","true","단순 본선","서해선|서해선역|원시|원시행|원시행역|일산|일산역|일산역 서해선 원시|일산역 서해선 원시행|일산역 서해선 원시행역"
"수원","수인분당선","코레일","","","수인분당-남부","인천행","수원역 수인분당선 인천행","매교","고색","1","true","남행 기준","수원|수원역|수원역 수인분당선 인천|수원역 수인분당선 인천행|수원역 수인분당선 인천행역|수인분당선|수인분당선역|인천|인천행|인천행역"
"왕십리","수인분당선","코레일","","","수인분당-북부","인천행","왕십리역 수인분당선 인천행","청량리","서울숲","1","true","남행 기준","수인분당선|수인분당선역|왕십리|왕십리역|왕십리역 수인분당선 인천|왕십리역 수인분당선 인천행|왕십리역 수인분당선 인천행역|인천|인천행|인천행역"
"인천","수인분당선","코레일","","","수인분당-남부","청량리행","인천역 수인분당선 청량리행","신포","","1","true","북행 기준","수인분당선|수인분당선역|인천|인천역|인천역 수인분당선 청량리|인천역 수인분당선 청량리행|인천역 수인분당선 청량리행역|청량리|청량리행|청량리행역"
"청량리","수인분당선","코레일","","","수인분당-북부","인천행","청량리역 수인분당선 인천행","","왕십리","1","true","남행 기준","수인분당선|수인분당선역|인천|인천행|인천행역|청량리|청량리역|청량리역 수인분당선 인천|청량리역 수인분당선 인천행|청량리역 수인분당선 인천행역"
"관악산(서울대)","신림선","남서울경전철주식회사","","","신림선-본선","샛강행","관악산(서울대)역 신림선 샛강행","서울대벤처타운","","1","true","단순 본선","관악산(서울대)|관악산(서울대)역|관악산(서울대)역 신림선 샛강|관악산(서울대)역 신림선 샛강행|관악산(서울대)역 신림선 샛강행역|샛강|샛강행|샛강행역|신림선|신림선역"
"샛강","신림선","남서울경전철주식회사","4401","S401","신림선-본선","관악산(서울대)행","샛강역 신림선 관악산(서울대)행","","대방","1","true","단순 본선","관악산(서울대)|관악산(서울대)행|관악산(서울대)행역|샛강|샛강역|샛강역 신림선 관악산(서울대)|샛강역 신림선 관악산(서울대)행|샛강역 신림선 관악산(서울대)행역|신림선|신림선역"
"강남","신분당","네오트랜스주식회사","","","신분당-본선","광교행","강남역 신분당 광교행","신논현","양재(서초구청)","1","true","남행 기준","강남|강남역|강남역 신분당 광교|강남역 신분당 광교행|강남역 신분당 광교행역|광교|광교행|광교행역|신분당|신분당역"
"광교(경기대)","신분당","네오트랜스주식회사","","","신분당-본선","신사행","광교(경기대)역 신분당 신사행","광교중앙(아주대)","","1","true","북행 기준","광교(경기대)|광교(경기대)역|광교(경기대)역 신분당 신사|광교(경기대)역 신분당 신사행|광교(경기대)역 신분당 신사행역|신분당|신분당역|신사|신사행|신사행역"
"신사","신분당","네오트랜스주식회사","","","신분당-본선","광교행","신사역 신분당 광교행","","논현","1","true","남행 기준","광교|광교행|광교행역|신분당|신분당역|신사|신사역|신사역 신분당 광교|신사역 신분당 광교행|신사역 신분당 광교행역"
"기흥(백남준아트센터)","용인경전철","용인경량전철주식회사","","","에버라인-본선","전대.에버랜드행","기흥(백남준아트센터)역 용인경전철 전대.에버랜드행","","강남대","1","true","단순 본선","기흥(백남준아트센터)|기흥(백남준아트센터)역|기흥(백남준아트센터)역 용인경전철 전대.에버랜드|기흥(백남준아트센터)역 용인경전철 전대.에버랜드행|기흥(백남준아트센터)역 용인경전철 전대.에버랜드행역|용인경전철|용인경전철역|전대.에버랜드|전대.에버랜드행|전대.에버랜드행역"
"전대.에버랜드","용인경전철","용인경량전철주식회사","","","에버라인-본선","기흥행","전대.에버랜드역 용인경전철 기흥행","둔전","","1","true","단순 본선","기흥|기흥행|기흥행역|용인경전철|용인경전철역|전대.에버랜드|전대.에버랜드역|전대.에버랜드역 용인경전철 기흥|전대.에버랜드역 용인경전철 기흥행|전대.에버랜드역 용인경전철 기흥행역"
"북한산우이","우이신설경전철","우이신설경전철주식회사","","","우이신설-본선","신설동행","북한산우이역 우이신설경전철 신설동행","","솔밭공원","1","true","단순 본선","북한산우이|북한산우이역|북한산우이역 우이신설경전철 신설동|북한산우이역 우이신설경전철 신설동행|북한산우이역 우이신설경전철 신설동행역|신설동|신설동행|신설동행역|우이신설경전철|우이신설경전철역"
"신설동","우이신설경전철","우이신설경전철주식회사","","","우이신설-본선","북한산우이행","신설동역 우이신설경전철 북한산우이행","보문","","1","true","단순 본선","북한산우이|북한산우이행|북한산우이행역|신설동|신설동역|신설동역 우이신설경전철 북한산우이|신설동역 우이신설경전철 북한산우이행|신설동역 우이신설경전철 북한산우이행역|우이신설경전철|우이신설경전철역"
"발곡","의정부경전철","의정부경량전철주식회사","","","의정부-본선","탑석행","발곡역 의정부경전철 탑석행","","회룡","1","true","단순 본선","발곡|발곡역|발곡역 의정부경전철 탑석|발곡역 의정부경전철 탑석행|발곡역 의정부경전철 탑석행역|의정부경전철|의정부경전철역|탑석|탑석행|탑석행역"
"탑석","의정부경전철","의정부경량전철주식회사","","","의정부-본선","발곡행","탑석역 의정부경전철 발곡행","송산","","1","true","단순 본선","발곡|발곡행|발곡행역|의정부경전철|의정부경전철역|탑석|탑석역|탑석역 의정부경전철 발곡|탑석역 의정부경전철 발곡행|탑석역 의정부경전철 발곡행역"
"계양","인천1호선","인천교통공사","","","인천1호선-본선","송도달빛축제공원행","계양역 인천1호선 송도달빛축제공원행","","귤현","1","true","단순 본선","계양|계양역|계양역 인천1호선 송도달빛축제공원|계양역 인천1호선 송도달빛축제공원행|계양역 인천1호선 송도달빛축제공원행역|송도달빛축제공원|송도달빛축제공원행|송도달빛축제공원행역|인천1호선|인천1호선역"
"송도달빛축제공원","인천1호선","인천교통공사","","","인천1호선-본선","계양행","송도달빛축제공원역 인천1호선 계양행","국제업무지구","","1","true","단순 본선","계양|계양행|계양행역|송도달빛축제공원|송도달빛축제공원역|송도달빛축제공원역 인천1호선 계양|송도달빛축제공원역 인천1호선 계양행|송도달빛축제공원역 인천1호선 계양행역|인천1호선|인천1호선역"
"검단오류","인천2호선","인천교통공사","3201","I201","인천2호선-본선","운연행","검단오류역 인천2호선 운연행","","왕길","1","true","단순 본선","검단오류|검단오류역|검단오류역 인천2호선 운연|검단오류역 인천2호선 운연행|검단오류역 인천2호선 운연행역|운연|운연행|운연행역|인천2호선|인천2호선역"
"운연","인천2호선","인천교통공사","3227","I227","인천2호선-본선","검단오류행","운연역 인천2호선 검단오류행","인천대공원","","1","true","단순 본선","검단오류|검단오류행|검단오류행역|운연|운연역|운연역 인천2호선 검단오류|운연역 인천2호선 검단오류행|운연역 인천2호선 검단오류행역|인천2호선|인천2호선역"
