"권역","권역명","철도운영기관명","노선명","정규노선명","순번","역명","이전역","다음역","전철역코드","외부코드"
"01","수도권","코레일","1호선","1호선","1","연천","","전곡","1919","100-3"
"01","수도권","코레일","1호선","1호선","2","전곡","연천","청산","1918","100-2"
"01","수도권","코레일","1호선","1호선","3","청산","전곡","소요산","1917","100-1"
"01","수도권","코레일","1호선","1호선","4","소요산","청산","동두천","1916","100"
"01","수도권","코레일","1호선","1호선","5","동두천","소요산","보산","1915","101"
"01","수도권","코레일","1호선","1호선","6","보산","동두천","동두천중앙","1914","102"
"01","수도권","코레일","1호선","1호선","7","동두천중앙","보산","지행","1913","103"
"01","수도권","코레일","1호선","1호선","8","지행","동두천중앙","덕정","1912","104"
"01","수도권","코레일","1호선","1호선","9","덕정","지행","덕계","1911","105"
"01","수도권","코레일","1호선","1호선","10","덕계","덕정","양주","1910","106"
"01","수도권","코레일","1호선","1호선","11","양주","덕계","녹양","1909","107"
"01","수도권","코레일","1호선","1호선","12","녹양","양주","가능","1908","108"
"01","수도권","코레일","1호선","1호선","13","가능","녹양","의정부","1907","109"
"01","수도권","코레일","1호선","1호선","14","의정부","가능","회룡","1906","110"
"01","수도권","코레일","1호선","1호선","15","회룡","의정부","망월사","1905","111"
"01","수도권","코레일","1호선","1호선","16","망월사","회룡","도봉산","1904","112"
"01","수도권","코레일","1호선","1호선","17","도봉산","망월사","도봉","1903","113"
"01","수도권","코레일","1호선","1호선","18","도봉","도봉산","방학","1902","114"
"01","수도권","코레일","1호선","1호선","19","방학","도봉","창동","1901","115"
"01","수도권","코레일","1호선","1호선","20","창동","방학","녹천","1022","116"
"01","수도권","코레일","1호선","1호선","21","녹천","창동","월계","1021","117"
"01","수도권","코레일","1호선","1호선","22","월계","녹천","광운대","1020","118"
"01","수도권","코레일","1호선","1호선","23","광운대","월계","석계","1019","119"
"01","수도권","코레일","1호선","1호선","24","석계","광운대","신이문","1018","120"
"01","수도권","코레일","1호선","1호선","25","신이문","석계","외대앞","1017","121"
"01","수도권","코레일","1호선","1호선","26","외대앞","신이문","회기","1016","122"
"01","수도권","코레일","1호선","1호선","27","회기","외대앞","청량리(서울시립대입구)","1015","123"
"01","수도권","서울교통공사","1호선","1호선","28","청량리(서울시립대입구)","회기","제기동","",""
"01","수도권","서울교통공사","1호선","1호선","29","제기동","청량리(서울시립대입구)","신설동","0157","125"
"01","수도권","서울교통공사","1호선","1호선","30","신설동","제기동","동묘앞","0156","126"
"01","수도권","서울교통공사","1호선","1호선","31","동묘앞","신설동","동대문","0159","127"
"01","수도권","서울교통공사","1호선","1호선","32","동대문","동묘앞","종로5가","0155","128"
"01","수도권","서울교통공사","1호선","1호선","33","종로5가","동대문","종로3가","0154","129"
"01","수도권","서울교통공사","1호선","1호선","34","종로3가","종로5가","종각","0153","130"
"01","수도권","서울교통공사","1호선","1호선","35","종각","종로3가","시청","0152","131"
"01","수도권","서울교통공사","1호선","1호선","36","시청","종각","서울역","0151","132"
"01","수도권","서울교통공사","1호선","1호선","37","서울역","시청","남영","0150","133"
"01","수도권","코레일","1호선","1호선","38","남영","서울역","용산","1002","134"
"01","수도권","코레일","1호선","1호선","39","용산","남영","노량진","1003","135"
"01","수도권","코레일","1호선","1호선","40","노량진","용산","대방","1004","136"
"01","수도권","코레일","1호선","1호선","41","대방","노량진","신길","1005","137"
"01","수도권","코레일","1호선","1호선","42","신길","대방","영등포","1032","138"
"01","수도권","코레일","1호선","1호선","43","영등포","신길","신도림","1006","139"
"01","수도권","코레일","1호선","1호선","44","신도림","영등포","구로","1007","140"
"01","수도권","코레일","1호선","1호선","45","구로","신도림","가산디지털단지","1701","141"
"01","수도권","코레일","1호선","1호선","46","가산디지털단지","구로","구일","1702","P142"
"01","수도권","코레일","1호선","1호선","46","구일","가산디지털단지","개봉","1813","142"
"01","수도권","코레일","1호선","1호선","47","개봉","구일","독산","1801","143"
"01","수도권","코레일","1호선","1호선","47","독산","개봉","금천구청","1714","P143"
"01","수도권","코레일","1호선","1호선","48","금천구청","독산","오류동","1703","P144"
"01","수도권","코레일","1호선","1호선","48","오류동","금천구청","광명","1802","144"
"01","수도권","코레일","1호선","1호선","49","광명","오류동","석수","1750","P144-1"
"01","수도권","코레일","1호선","1호선","49","석수","광명","온수","1704","P145"
"01","수도권","코레일","1호선","1호선","49","온수","석수","관악","1821","145"
"01","수도권","코레일","1호선","1호선","50","관악","온수","역곡","1705","P146"
"01","수도권","코레일","1호선","1호선","50","역곡","관악","소사","1803","146"
"01","수도권","코레일","1호선","1호선","51","소사","역곡","안양","1814","147"
"01","수도권","코레일","1호선","1호선","51","안양","소사","명학","1706","P147"
"01","수도권","코레일","1호선","1호선","52","명학","안양","부천","1707","P148"
"01","수도권","코레일","1호선","1호선","52","부천","명학","금정","1804","148"
"01","수도권","코레일","1호선","1호선","53","금정","부천","중동","1708","P149"
"01","수도권","코레일","1호선","1호선","53","중동","금정","군포","1822","149"
"01","수도권","코레일","1호선","1호선","54","군포","중동","송내","1709","P150"
"01","수도권","코레일","1호선","1호선","54","송내","군포","당정","1805","150"
"01","수도권","코레일","1호선","1호선","55","당정","송내","부개","1729","P151"
"01","수도권","코레일","1호선","1호선","55","부개","당정","부평","1815","151"
"01","수도권","코레일","1호선","1호선","56","부평","부개","의왕","1806","152"
"01","수도권","코레일","1호선","1호선","56","의왕","부평","백운","1710","P152"
"01","수도권","코레일","1호선","1호선","57","백운","의왕","성균관대","1807","153"
"01","수도권","코레일","1호선","1호선","57","성균관대","백운","동암","1711","P153"
"01","수도권","코레일","1호선","1호선","58","동암","성균관대","화서","1808","154"
"01","수도권","코레일","1호선","1호선","58","화서","동암","간석","1712","P154"
"01","수도권","코레일","1호선","1호선","59","간석","화서","수원","1816","155"
"01","수도권","코레일","1호선","1호선","59","수원","간석","세류","1713","P155"
"01","수도권","코레일","1호선","1호선","60","세류","수원","주안","1715","P156"
"01","수도권","코레일","1호선","1호선","60","주안","세류","도화","1809","156"
"01","수도권","코레일","1호선","1호선","61","도화","주안","병점","1823","157"
"01","수도권","코레일","1호선","1호선","61","병점","도화","서동탄","1716","P157"
"01","수도권","코레일","1호선","1호선","62","서동탄","병점","세마","1749","P157-1"
"01","수도권","코레일","1호선","1호선","62","세마","서동탄","제물포","1717","P158"
"01","수도권","코레일","1호선","1호선","62","제물포","세마","도원","1810","158"
"01","수도권","코레일","1호선","1호선","63","도원","제물포","오산대","1817","159"
"01","수도권","코레일","1호선","1호선","63","오산대","도원","동인천","1718","P159"
"01","수도권","코레일","1호선","1호선","64","동인천","오산대","오산","1811","160"
"01","수도권","코레일","1호선","1호선","64","오산","동인천","인천","1719","P160"
"01","수도권","코레일","1호선","1호선","65","인천","오산","진위","1812","161"
"01","수도권","코레일","1호선","1호선","65","진위","인천","송탄","1720","P161"
"01","수도권","코레일","1호선","1호선","66","송탄","진위","서정리","1721","P162"
"01","수도권","코레일","1호선","1호선","67","서정리","송탄","평택지제","1722","P163"
"01","수도권","코레일","1호선","1호선","68","평택지제","서정리","평택","1723","P164"
"01","수도권","코레일","1호선","1호선","69","평택","평택지제","성환","1724","P165"
"01","수도권","코레일","1호선","1호선","70","성환","평택","직산","1725","P166"
"01","수도권","코레일","1호선","1호선","71","직산","성환","두정","1726","P167"
"01","수도권","코레일","1호선","1호선","72","두정","직산","천안","1727","P168"
"01","수도권","코레일","1호선","1호선","73","천안","두정","봉명","1728","P169"
"01","수도권","코레일","1호선","1호선","74","봉명","천안","쌍용(나사렛대)","1401","P170"
"01","수도권","코레일","1호선","1호선","75","쌍용(나사렛대)","봉명","아산","",""
"01","수도권","코레일","1호선","1호선","76","아산","쌍용(나사렛대)","탕정","1403","P172"
"01","수도권","코레일","1호선","1호선","77","탕정","아산","배방","1404","P173"
"01","수도권","코레일","1호선","1호선","78","배방","탕정","온양온천","1405","P174"
"01","수도권","코레일","1호선","1호선","79","온양온천","배방","신창(순천향대)","1407","P176"
"01","수도권","코레일","1호선","1호선","80","신창(순천향대)","온양온천","","",""
"01","수도권","서울교통공사","2호선","2호선","1","시청","","충정로(경기대입구)","0201","201"
"01","수도권","서울교통공사","2호선","2호선","2","충정로(경기대입구)","시청","아현","",""
"01","수도권","서울교통공사","2호선","2호선","3","아현","충정로(경기대입구)","이대","0242","242"
"01","수도권","서울교통공사","2호선","2호선","4","이대","아현","신촌","0241","241"
"01","수도권","서울교통공사","2호선","2호선","5","신촌","이대","홍대입구","0240","240"
"01","수도권","서울교통공사","2호선","2호선","6","홍대입구","신촌","합정","0239","239"
"01","수도권","서울교통공사","2호선","2호선","7","합정","홍대입구","당산","0238","238"
"01","수도권","서울교통공사","2호선","2호선","8","당산","합정","영등포구청","0237","237"
"01","수도권","서울교통공사","2호선","2호선","9","영등포구청","당산","문래","0236","236"
"01","수도권","서울교통공사","2호선","2호선","10","문래","영등포구청","신도림","0235","235"
"01","수도권","서울교통공사","2호선","2호선","11","신도림","문래","대림(구로구청)","0234","234"
"01","수도권","서울교통공사","2호선","2호선","12","대림(구로구청)","신도림","도림천","",""
"01","수도권","서울교통공사","2호선","2호선","12","도림천","대림(구로구청)","구로디지털단지","0247","234-1"
"01","수도권","서울교통공사","2호선","2호선","13","구로디지털단지","도림천","양천구청","0232","232"
"01","수도권","서울교통공사","2호선","2호선","13","양천구청","구로디지털단지","신대방","0248","234-2"
"01","수도권","서울교통공사","2호선","2호선","14","신대방","양천구청","신정네거리","0231","231"
"01","수도권","서울교통공사","2호선","2호선","14","신정네거리","신대방","까치산","0249","234-3"
"01","수도권","서울교통공사","2호선","2호선","15","까치산","신정네거리","신림","0200","234-4"
"01","수도권","서울교통공사","2호선","2호선","15","신림","까치산","봉천","0230","230"
"01","수도권","서울교통공사","2호선","2호선","16","봉천","신림","서울대입구(관악구청)","0229","229"
"01","수도권","서울교통공사","2호선","2호선","17","서울대입구(관악구청)","봉천","낙성대","",""
"01","수도권","서울교통공사","2호선","2호선","18","낙성대","서울대입구(관악구청)","사당","0227","227"
"01","수도권","서울교통공사","2호선","2호선","19","사당","낙성대","방배","0226","226"
"01","수도권","서울교통공사","2호선","2호선","20","방배","사당","서초","0225","225"
"01","수도권","서울교통공사","2호선","2호선","21","서초","방배","교대(법원.검찰청)","0224","224"
"01","수도권","서울교통공사","2호선","2호선","22","교대(법원.검찰청)","서초","강남","",""
"01","수도권","서울교통공사","2호선","2호선","23","강남","교대(법원.검찰청)","역삼","0222","222"
"01","수도권","서울교통공사","2호선","2호선","24","역삼","강남","선릉","0221","221"
"01","수도권","서울교통공사","2호선","2호선","25","선릉","역삼","삼성(무역센터)","0220","220"
"01","수도권","서울교통공사","2호선","2호선","26","삼성(무역센터)","선릉","종합운동장","",""
"01","수도권","서울교통공사","2호선","2호선","27","종합운동장","삼성(무역센터)","잠실새내","0218","218"
"01","수도권","서울교통공사","2호선","2호선","28","잠실새내","종합운동장","잠실(송파구청)","0217","217"
"01","수도권","서울교통공사","2호선","2호선","29","잠실(송파구청)","잠실새내","잠실나루","",""
"01","수도권","서울교통공사","2호선","2호선","30","잠실나루","잠실(송파구청)","강변(동서울터미널)","0215","215"
"01","수도권","서울교통공사","2호선","2호선","31","강변(동서울터미널)","잠실나루","구의(광진구청)","",""
"01","수도권","서울교통공사","2호선","2호선","32","구의(광진구청)","강변(동서울터미널)","건대입구","",""
"01","수도권","서울교통공사","2호선","2호선","33","건대입구","구의(광진구청)","성수","0212","212"
"01","수도권","서울교통공사","2호선","2호선","34","성수","건대입구","뚝섬","0211","211"
"01","수도권","서울교통공사","2호선","2호선","35","뚝섬","성수","용답","0210","210"
"01","수도권","서울교통공사","2호선","2호선","35","용답","뚝섬","신답","0244","211-1"
"01","수도권","서울교통공사","2호선","2호선","36","신답","용답","한양대","0245","211-2"
"01","수도권","서울교통공사","2호선","2호선","36","한양대","신답","왕십리","0209","209"
"01","수도권","서울교통공사","2호선","2호선","37","왕십리","한양대","용두(동대문구청)","0208","208"
"01","수도권","서울교통공사","2호선","2호선","37","용두(동대문구청)","왕십리","상왕십리","",""
"01","수도권","서울교통공사","2호선","2호선","38","상왕십리","용두(동대문구청)","신설동","0207","207"
"01","수도권","서울교통공사","2호선","2호선","38","신설동","상왕십리","신당","0246","211-4"
"01","수도권","서울교통공사","2호선","2호선","39","신당","신설동","동대문역사문화공원","0206","206"
"01","수도권","서울교통공사","2호선","2호선","40","동대문역사문화공원","신당","을지로4가","0205","205"
"01","수도권","서울교통공사","2호선","2호선","41","을지로4가","동대문역사문화공원","을지로3가","0204","204"
"01","수도권","서울교통공사","2호선","2호선","42","을지로3가","을지로4가","을지로입구","0203","203"
"01","수도권","서울교통공사","2호선","2호선","43","을지로입구","을지로3가","","0202","202"
"01","수도권","코레일","3호선","3호선","1","대화","","주엽","1958","309"
"01","수도권","코레일","3호선","3호선","2","주엽","대화","정발산","1957","310"
"01","수도권","코레일","3호선","3호선","3","정발산","주엽","마두","1956","311"
"01","수도권","코레일","3호선","3호선","4","마두","정발산","백석","1955","312"
"01","수도권","코레일","3호선","3호선","5","백석","마두","대곡","1954","313"
"01","수도권","코레일","3호선","3호선","6","대곡","백석","화정","1953","314"
"01","수도권","코레일","3호선","3호선","7","화정","대곡","원당","1952","315"
"01","수도권","코레일","3호선","3호선","8","원당","화정","원흥","1951","316"
"01","수도권","코레일","3호선","3호선","9","원흥","원당","삼송","1948","317"
"01","수도권","코레일","3호선","3호선","10","삼송","원흥","지축","1950","318"
"01","수도권","서울교통공사","3호선","3호선","11","지축","삼송","구파발","0309","319"
"01","수도권","서울교통공사","3호선","3호선","12","구파발","지축","연신내","0310","320"
"01","수도권","서울교통공사","3호선","3호선","13","연신내","구파발","불광","0311","321"
"01","수도권","서울교통공사","3호선","3호선","14","불광","연신내","녹번","0312","322"
"01","수도권","서울교통공사","3호선","3호선","15","녹번","불광","홍제","0313","323"
"01","수도권","서울교통공사","3호선","3호선","16","홍제","녹번","무악재","0314","324"
"01","수도권","서울교통공사","3호선","3호선","17","무악재","홍제","독립문","0315","325"
"01","수도권","서울교통공사","3호선","3호선","18","독립문","무악재","경복궁(정부서울청사)","0316","326"
"01","수도권","서울교통공사","3호선","3호선","19","경복궁(정부서울청사)","독립문","안국","",""
"01","수도권","서울교통공사","3호선","3호선","20","안국","경복궁(정부서울청사)","종로3가","0318","328"
"01","수도권","서울교통공사","3호선","3호선","21","종로3가","안국","을지로3가","0319","329"
"01","수도권","서울교통공사","3호선","3호선","22","을지로3가","종로3가","충무로","0320","330"
"01","수도권","서울교통공사","3호선","3호선","23","충무로","을지로3가","동대입구","0321","331"
"01","수도권","서울교통공사","3호선","3호선","24","동대입구","충무로","약수","0322","332"
"01","수도권","서울교통공사","3호선","3호선","25","약수","동대입구","금호","0323","333"
"01","수도권","서울교통공사","3호선","3호선","26","금호","약수","옥수","0324","334"
"01","수도권","서울교통공사","3호선","3호선","27","옥수","금호","압구정","0325","335"
"01","수도권","서울교통공사","3호선","3호선","28","압구정","옥수","신사","0326","336"
"01","수도권","서울교통공사","3호선","3호선","29","신사","압구정","잠원","0327","337"
"01","수도권","서울교통공사","3호선","3호선","30","잠원","신사","고속터미널","0328","338"
"01","수도권","서울교통공사","3호선","3호선","31","고속터미널","잠원","교대(법원.검찰청)","0329","339"
"01","수도권","서울교통공사","3호선","3호선","32","교대(법원.검찰청)","고속터미널","남부터미널(예술의전당)","",""
"01","수도권","서울교통공사","3호선","3호선","33","남부터미널(예술의전당)","교대(법원.검찰청)","양재(서초구청)","",""
"01","수도권","서울교통공사","3호선","3호선","34","양재(서초구청)","남부터미널(예술의전당)","매봉","",""
"01","수도권","서울교통공사","3호선","3호선","35","매봉","양재(서초구청)","도곡","0333","343"
"01","수도권","서울교통공사","3호선","3호선","36","도곡","매봉","대치","0334","344"
"01","수도권","서울교통공사","3호선","3호선","37","대치","도곡","학여울","0335","345"
"01","수도권","서울교통공사","3호선","3호선","38","학여울","대치","대청","0336","346"
"01","수도권","서울교통공사","3호선","3호선","39","대청","학여울","일원","0337","347"
"01","수도권","서울교통공사","3호선","3호선","40","일원","대청","수서","0338","348"
"01","수도권","서울교통공사","3호선","3호선","41","수서","일원","가락시장","0339","349"
"01","수도권","서울교통공사","3호선","3호선","42","가락시장","수서","경찰병원","0340","350"
"01","수도권","서울교통공사","3호선","3호선","43","경찰병원","가락시장","오금","0341","351"
"01","수도권","서울교통공사","3호선","3호선","44","오금","경찰병원","","0342","352"
"01","수도권","남양주도시공사","4호선","4호선","1","진접","","오남","0405","405"
"01","수도권","남양주도시공사","4호선","4호선","2","오남","진접","별내별가람","0406","406"
"01","수도권","남양주도시공사","4호선","4호선","3","별내별가람","오남","불암산(당고개)","0408","408"
"01","수도권","서울교통공사","4호선","4호선","4","불암산(당고개)","별내별가람","상계","",""
"01","수도권","서울교통공사","4호선","4호선","5","상계","불암산(당고개)","노원","0410","410"
"01","수도권","서울교통공사","4호선","4호선","6","노원","상계","창동","0411","411"
"01","수도권","서울교통공사","4호선","4호선","7","창동","노원","쌍문","0412","412"
"01","수도권","서울교통공사","4호선","4호선","8","쌍문","창동","수유(강북구청)","0413","413"
"01","수도권","서울교통공사","4호선","4호선","9","수유(강북구청)","쌍문","미아","",""
"01","수도권","서울교통공사","4호선","4호선","10","미아","수유(강북구청)","미아사거리","0415","415"
"01","수도권","서울교통공사","4호선","4호선","11","미아사거리","미아","길음","0416","416"
"01","수도권","서울교통공사","4호선","4호선","12","길음","미아사거리","성신여대입구(돈암)","0417","417"
"01","수도권","서울교통공사","4호선","4호선","13","성신여대입구(돈암)","길음","한성대입구(삼선교)","",""
"01","수도권","서울교통공사","4호선","4호선","14","한성대입구(삼선교)","성신여대입구(돈암)","혜화","",""
"01","수도권","서울교통공사","4호선","4호선","15","혜화","한성대입구(삼선교)","동대문","0420","420"
"01","수도권","서울교통공사","4호선","4호선","16","동대문","혜화","동대문역사문화공원","0421","421"
"01","수도권","서울교통공사","4호선","4호선","17","동대문역사문화공원","동대문","충무로","0422","422"
"01","수도권","서울교통공사","4호선","4호선","18","충무로","동대문역사문화공원","명동","0423","423"
"01","수도권","서울교통공사","4호선","4호선","19","명동","충무로","회현(남대문시장)","0424","424"
"01","수도권","서울교통공사","4호선","4호선","20","회현(남대문시장)","명동","서울역","",""
"01","수도권","서울교통공사","4호선","4호선","21","서울역","회현(남대문시장)","숙대입구(갈월)","0426","426"
"01","수도권","서울교통공사","4호선","4호선","22","숙대입구(갈월)","서울역","삼각지","",""
"01","수도권","서울교통공사","4호선","4호선","23","삼각지","숙대입구(갈월)","신용산","0428","428"
"01","수도권","서울교통공사","4호선","4호선","24","신용산","삼각지","이촌(국립중앙박물관)","0429","429"
"01","수도권","서울교통공사","4호선","4호선","25","이촌(국립중앙박물관)","신용산","동작(현충원)","",""
"01","수도권","서울교통공사","4호선","4호선","26","동작(현충원)","이촌(국립중앙박물관)","총신대입구(이수)","",""
"01","수도권","서울교통공사","4호선","4호선","27","총신대입구(이수)","동작(현충원)","사당","",""
"01","수도권","서울교통공사","4호선","4호선","28","사당","총신대입구(이수)","남태령","0433","433"
"01","수도권","서울교통공사","4호선","4호선","29","남태령","사당","선바위","0434","434"
"01","수도권","코레일","4호선","4호선","30","선바위","남태령","경마공원","1450","435"
"01","수도권","코레일","4호선","4호선","31","경마공원","선바위","대공원","1451","436"
"01","수도권","코레일","4호선","4호선","32","대공원","경마공원","과천","1452","437"
"01","수도권","코레일","4호선","4호선","33","과천","대공원","정부과천청사","1453","438"
"01","수도권","코레일","4호선","4호선","34","정부과천청사","과천","인덕원","1454","439"
"01","수도권","코레일","4호선","4호선","35","인덕원","정부과천청사","평촌","1455","440"
"01","수도권","코레일","4호선","4호선","36","평촌","인덕원","범계","1456","441"
"01","수도권","코레일","4호선","4호선","37","범계","평촌","금정","1457","442"
"01","수도권","코레일","4호선","4호선","38","금정","범계","산본","1458","443"
"01","수도권","코레일","4호선","4호선","39","산본","금정","수리산","1751","444"
"01","수도권","코레일","4호선","4호선","40","수리산","산본","대야미","1763","445"
"01","수도권","코레일","4호선","4호선","41","대야미","수리산","반월","1752","446"
"01","수도권","코레일","4호선","4호선","42","반월","대야미","상록수","1753","447"
"01","수도권","코레일","4호선","4호선","43","상록수","반월","한대앞","1754","448"
"01","수도권","코레일","4호선","4호선","44","한대앞","상록수","중앙","1755","449"
"01","수도권","코레일","4호선","4호선","45","중앙","한대앞","고잔","1756","450"
"01","수도권","코레일","4호선","4호선","46","고잔","중앙","초지","1757","451"
"01","수도권","코레일","4호선","4호선","47","초지","고잔","안산","1758","452"
"01","수도권","코레일","4호선","4호선","48","안산","초지","신길온천","1759","453"
"01","수도권","코레일","4호선","4호선","49","신길온천","안산","정왕","1760","454"
"01","수도권","코레일","4호선","4호선","50","정왕","신길온천","오이도","1761","455"
"01","수도권","코레일","4호선","4호선","51","오이도","정왕","","1762","456"
"01","수도권","서울교통공사","5호선","5호선","1","방화","","개화산","2511","510"
"01","수도권","서울교통공사","5호선","5호선","2","개화산","방화","김포공항","2512","511"
"01","수도권","서울교통공사","5호선","5호선","3","김포공항","개화산","송정","2513","512"
"01","수도권","서울교통공사","5호선","5호선","4","송정","김포공항","마곡","2514","513"
"01","수도권","서울교통공사","5호선","5호선","5","마곡","송정","발산","2515","514"
"01","수도권","서울교통공사","5호선","5호선","6","발산","마곡","우장산","2516","515"
"01","수도권","서울교통공사","5호선","5호선","7","우장산","발산","화곡","2517","516"
"01","수도권","서울교통공사","5호선","5호선","8","화곡","우장산","까치산","2518","517"
"01","수도권","서울교통공사","5호선","5호선","9","까치산","화곡","신정(은행정)","2519","518"
"01","수도권","서울교통공사","5호선","5호선","10","신정(은행정)","까치산","목동","",""
"01","수도권","서울교통공사","5호선","5호선","11","목동","신정(은행정)","오목교(목동운동장앞)","2521","520"
"01","수도권","서울교통공사","5호선","5호선","12","오목교(목동운동장앞)","목동","양평","",""
"01","수도권","서울교통공사","5호선","5호선","13","양평","오목교(목동운동장앞)","영등포구청","2523","522"
"01","수도권","서울교통공사","5호선","5호선","14","영등포구청","양평","영등포시장","2524","523"
"01","수도권","서울교통공사","5호선","5호선","15","영등포시장","영등포구청","신길","2525","524"
"01","수도권","서울교통공사","5호선","5호선","16","신길","영등포시장","여의도","2526","525"
"01","수도권","서울교통공사","5호선","5호선","17","여의도","신길","여의나루","2527","526"
"01","수도권","서울교통공사","5호선","5호선","18","여의나루","여의도","마포","2528","527"
"01","수도권","서울교통공사","5호선","5호선","19","마포","여의나루","공덕","2529","528"
"01","수도권","서울교통공사","5호선","5호선","20","공덕","마포","애오개","2530","529"
"01","수도권","서울교통공사","5호선","5호선","21","애오개","공덕","충정로(경기대입구)","2531","530"
"01","수도권","서울교통공사","5호선","5호선","22","충정로(경기대입구)","애오개","서대문","",""
"01","수도권","서울교통공사","5호선","5호선","23","서대문","충정로(경기대입구)","광화문(세종문화회관)","2533","532"
"01","수도권","서울교통공사","5호선","5호선","24","광화문(세종문화회관)","서대문","종로3가(탑골공원)","",""
"01","수도권","서울교통공사","5호선","5호선","25","종로3가(탑골공원)","광화문(세종문화회관)","을지로4가","",""
"01","수도권","서울교통공사","5호선","5호선","26","을지로4가","종로3가(탑골공원)","동대문역사문화공원","2536","535"
"01","수도권","서울교통공사","5호선","5호선","27","동대문역사문화공원","을지로4가","청구","2537","536"
"01","수도권","서울교통공사","5호선","5호선","28","청구","동대문역사문화공원","신금호","2538","537"
"01","수도권","서울교통공사","5호선","5호선","29","신금호","청구","행당","2539","538"
"01","수도권","서울교통공사","5호선","5호선","30","행당","신금호","왕십리","2540","539"
"01","수도권","서울교통공사","5호선","5호선","31","왕십리","행당","마장","2541","540"
"01","수도권","서울교통공사","5호선","5호선","32","마장","왕십리","답십리","2542","541"
"01","수도권","서울교통공사","5호선","5호선","33","답십리","마장","장한평","2543","542"
"01","수도권","서울교통공사","5호선","5호선","34","장한평","답십리","군자(능동)","2544","543"
"01","수도권","서울교통공사","5호선","5호선","35","군자(능동)","장한평","아차산(어린이대공원후문)","",""
"01","수도권","서울교통공사","5호선","5호선","36","아차산(어린이대공원후문)","군자(능동)","광나루(장신대)","",""
"01","수도권","서울교통공사","5호선","5호선","37","광나루(장신대)","아차산(어린이대공원후문)","천호(풍납토성)","",""
"01","수도권","서울교통공사","5호선","5호선","38","천호(풍납토성)","광나루(장신대)","강동","",""
"01","수도권","서울교통공사","5호선","5호선","39","강동","천호(풍납토성)","길동","2549","548"
"01","수도권","서울교통공사","5호선","5호선","40","길동","강동","둔촌동","2550","549"
"01","수도권","서울교통공사","5호선","5호선","40","둔촌동","길동","굽은다리(강동구민회관앞)","2555","P549"
"01","수도권","서울교통공사","5호선","5호선","41","굽은다리(강동구민회관앞)","둔촌동","올림픽공원(한국체대)","",""
"01","수도권","서울교통공사","5호선","5호선","41","올림픽공원(한국체대)","굽은다리(강동구민회관앞)","명일","",""
"01","수도권","서울교통공사","5호선","5호선","42","명일","올림픽공원(한국체대)","방이","2552","551"
"01","수도권","서울교통공사","5호선","5호선","42","방이","명일","고덕","2557","P551"
"01","수도권","서울교통공사","5호선","5호선","43","고덕","방이","오금","2553","552"
"01","수도권","서울교통공사","5호선","5호선","43","오금","고덕","개롱","2558","P552"
"01","수도권","서울교통공사","5호선","5호선","44","개롱","오금","상일동","2559","P553"
"01","수도권","서울교통공사","5호선","5호선","44","상일동","개롱","강일","2554","553"
"01","수도권","서울교통공사","5호선","5호선","45","강일","상일동","거여","2562","554"
"01","수도권","서울교통공사","5호선","5호선","45","거여","강일","마천","2560","P554"
"01","수도권","서울교통공사","5호선","5호선","46","마천","거여","미사","2561","P555"
"01","수도권","서울교통공사","5호선","5호선","46","미사","마천","하남풍산","2563","555"
"01","수도권","서울교통공사","5호선","5호선","47","하남풍산","미사","하남시청(덕풍.신장)","2564","556"
"01","수도권","서울교통공사","5호선","5호선","49","하남시청(덕풍.신장)","하남풍산","하남검단산역","",""
"01","수도권","서울교통공사","5호선","5호선","50","하남검단산역","하남시청(덕풍.신장)","","",""
"01","수도권","서울교통공사","6호선","6호선","1","응암","","역촌","2611","610"
"01","수도권","서울교통공사","6호선","6호선","2","역촌","응암","불광","2612","611"
"01","수도권","서울교통공사","6호선","6호선","3","불광","역촌","독바위","2613","612"
"01","수도권","서울교통공사","6호선","6호선","4","독바위","불광","연신내","2614","613"
"01","수도권","서울교통공사","6호선","6호선","5","연신내","독바위","구산","2615","614"
"01","수도권","서울교통공사","6호선","6호선","6","구산","연신내","새절(신사)","2616","615"
"01","수도권","서울교통공사","6호선","6호선","7","새절(신사)","구산","증산(명지대앞)","",""
"01","수도권","서울교통공사","6호선","6호선","8","증산(명지대앞)","새절(신사)","디지털미디어시티","",""
"01","수도권","서울교통공사","6호선","6호선","9","디지털미디어시티","증산(명지대앞)","월드컵경기장(성산)","2619","618"
"01","수도권","서울교통공사","6호선","6호선","10","월드컵경기장(성산)","디지털미디어시티","마포구청","",""
"01","수도권","서울교통공사","6호선","6호선","11","마포구청","월드컵경기장(성산)","망원","2621","620"
"01","수도권","서울교통공사","6호선","6호선","12","망원","마포구청","합정","2622","621"
"01","수도권","서울교통공사","6호선","6호선","13","합정","망원","상수","2623","622"
"01","수도권","서울교통공사","6호선","6호선","14","상수","합정","광흥창(서강)","2624","623"
"01","수도권","서울교통공사","6호선","6호선","15","광흥창(서강)","상수","대흥(서강대앞)","",""
"01","수도권","서울교통공사","6호선","6호선","16","대흥(서강대앞)","광흥창(서강)","공덕","",""
"01","수도권","서울교통공사","6호선","6호선","17","공덕","대흥(서강대앞)","효창공원앞","2627","626"
"01","수도권","서울교통공사","6호선","6호선","18","효창공원앞","공덕","삼각지","2628","627"
"01","수도권","서울교통공사","6호선","6호선","19","삼각지","효창공원앞","녹사평(용산구청)","2629","628"
"01","수도권","서울교통공사","6호선","6호선","20","녹사평(용산구청)","삼각지","이태원","",""
"01","수도권","서울교통공사","6호선","6호선","21","이태원","녹사평(용산구청)","한강진","2631","630"
"01","수도권","서울교통공사","6호선","6호선","22","한강진","이태원","버티고개","2632","631"
"01","수도권","서울교통공사","6호선","6호선","23","버티고개","한강진","약수","2633","632"
"01","수도권","서울교통공사","6호선","6호선","24","약수","버티고개","청구","2634","633"
"01","수도권","서울교통공사","6호선","6호선","25","청구","약수","신당","2635","634"
"01","수도권","서울교통공사","6호선","6호선","26","신당","청구","동묘앞","2636","635"
"01","수도권","서울교통공사","6호선","6호선","27","동묘앞","신당","창신","2637","636"
"01","수도권","서울교통공사","6호선","6호선","28","창신","동묘앞","보문","2638","637"
"01","수도권","서울교통공사","6호선","6호선","29","보문","창신","안암(고대병원앞)","2639","638"
"01","수도권","서울교통공사","6호선","6호선","30","안암(고대병원앞)","보문","고려대(종암)","",""
"01","수도권","서울교통공사","6호선","6호선","31","고려대(종암)","안암(고대병원앞)","월곡(동덕여대)","",""
"01","수도권","서울교통공사","6호선","6호선","32","월곡(동덕여대)","고려대(종암)","상월곡(한국과학기술연구원)","",""
"01","수도권","서울교통공사","6호선","6호선","33","상월곡(한국과학기술연구원)","월곡(동덕여대)","돌곶이","",""
"01","수도권","서울교통공사","6호선","6호선","34","돌곶이","상월곡(한국과학기술연구원)","석계","2644","643"
"01","수도권","서울교통공사","6호선","6호선","35","석계","돌곶이","태릉입구","2645","644"
"01","수도권","서울교통공사","6호선","6호선","36","태릉입구","석계","화랑대(서울여대입구)","2646","645"
"01","수도권","서울교통공사","6호선","6호선","37","화랑대(서울여대입구)","태릉입구","봉화산(서울의료원)","",""
"01","수도권","서울교통공사","6호선","6호선","38","봉화산(서울의료원)","화랑대(서울여대입구)","신내","",""
"01","수도권","서울교통공사","6호선","6호선","39","신내","봉화산(서울의료원)","","2649","648"
"01","수도권","서울교통공사","7호선","7호선","1","장암","","도봉산","2711","709"
"01","수도권","서울교통공사","7호선","7호선","2","도봉산","장암","수락산","2712","710"
"01","수도권","서울교통공사","7호선","7호선","3","수락산","도봉산","마들","2713","711"
"01","수도권","서울교통공사","7호선","7호선","4","마들","수락산","노원","2714","712"
"01","수도권","서울교통공사","7호선","7호선","5","노원","마들","중계","2715","713"
"01","수도권","서울교통공사","7호선","7호선","6","중계","노원","하계","2716","714"
"01","수도권","서울교통공사","7호선","7호선","7","하계","중계","공릉(서울과학기술대)","2717","715"
"01","수도권","서울교통공사","7호선","7호선","8","공릉(서울과학기술대)","하계","태릉입구","",""
"01","수도권","서울교통공사","7호선","7호선","9","태릉입구","공릉(서울과학기술대)","먹골","2719","717"
"01","수도권","서울교통공사","7호선","7호선","10","먹골","태릉입구","중화","2720","718"
"01","수도권","서울교통공사","7호선","7호선","11","중화","먹골","상봉(시외버스터미널)","2721","719"
"01","수도권","서울교통공사","7호선","7호선","12","상봉(시외버스터미널)","중화","면목","",""
"01","수도권","서울교통공사","7호선","7호선","13","면목","상봉(시외버스터미널)","사가정","2723","721"
"01","수도권","서울교통공사","7호선","7호선","14","사가정","면목","용마산","2724","722"
"01","수도권","서울교통공사","7호선","7호선","15","용마산","사가정","중곡","2725","723"
"01","수도권","서울교통공사","7호선","7호선","16","중곡","용마산","군자(능동)","2726","724"
"01","수도권","서울교통공사","7호선","7호선","17","군자(능동)","중곡","어린이대공원(세종대)","",""
"01","수도권","서울교통공사","7호선","7호선","18","어린이대공원(세종대)","군자(능동)","건대입구","",""
"01","수도권","서울교통공사","7호선","7호선","19","건대입구","어린이대공원(세종대)","자양(뚝섬한강공원)","2729","727"
"01","수도권","서울교통공사","7호선","7호선","20","자양(뚝섬한강공원)","건대입구","청담","",""
"01","수도권","서울교통공사","7호선","7호선","21","청담","자양(뚝섬한강공원)","강남구청","2731","729"
"01","수도권","서울교통공사","7호선","7호선","22","강남구청","청담","학동","2732","730"
"01","수도권","서울교통공사","7호선","7호선","23","학동","강남구청","논현","2733","731"
"01","수도권","서울교통공사","7호선","7호선","24","논현","학동","반포","2734","732"
"01","수도권","서울교통공사","7호선","7호선","25","반포","논현","고속터미널","2735","733"
"01","수도권","서울교통공사","7호선","7호선","26","고속터미널","반포","내방","2736","734"
"01","수도권","서울교통공사","7호선","7호선","27","내방","고속터미널","총신대입구(이수)","2737","735"
"01","수도권","서울교통공사","7호선","7호선","28","총신대입구(이수)","내방","남성","",""
"01","수도권","서울교통공사","7호선","7호선","29","남성","총신대입구(이수)","숭실대입구(살피재)","2739","737"
"01","수도권","서울교통공사","7호선","7호선","30","숭실대입구(살피재)","남성","상도","",""
"01","수도권","서울교통공사","7호선","7호선","31","상도","숭실대입구(살피재)","장승배기","2741","739"
"01","수도권","서울교통공사","7호선","7호선","32","장승배기","상도","신대방삼거리","2742","740"
"01","수도권","서울교통공사","7호선","7호선","33","신대방삼거리","장승배기","보라매","2743","741"
"01","수도권","서울교통공사","7호선","7호선","34","보라매","신대방삼거리","신풍","2744","742"
"01","수도권","서울교통공사","7호선","7호선","35","신풍","보라매","대림(구로구청)","2745","743"
"01","수도권","서울교통공사","7호선","7호선","36","대림(구로구청)","신풍","남구로","",""
"01","수도권","서울교통공사","7호선","7호선","37","남구로","대림(구로구청)","가산디지털단지","2747","745"
"01","수도권","서울교통공사","7호선","7호선","38","가산디지털단지","남구로","철산","2748","746"
"01","수도권","서울교통공사","7호선","7호선","39","철산","가산디지털단지","광명사거리","2749","747"
"01","수도권","서울교통공사","7호선","7호선","40","광명사거리","철산","천왕","2750","748"
"01","수도권","서울교통공사","7호선","7호선","41","천왕","광명사거리","온수(성공회대입구)","2751","749"
"01","수도권","서울교통공사","7호선","7호선","42","온수(성공회대입구)","천왕","까치울","",""
"01","수도권","인천교통공사","7호선","7호선","43","까치울","온수(성공회대입구)","부천종합운동장","3753","751"
"01","수도권","인천교통공사","7호선","7호선","44","부천종합운동장","까치울","춘의","3754","752"
"01","수도권","인천교통공사","7호선","7호선","45","춘의","부천종합운동장","신중동","3755","753"
"01","수도권","인천교통공사","7호선","7호선","46","신중동","춘의","부천시청","3756","754"
"01","수도권","인천교통공사","7호선","7호선","47","부천시청","신중동","상동","3757","755"
"01","수도권","인천교통공사","7호선","7호선","48","상동","부천시청","삼산체육관","3758","756"
"01","수도권","인천교통공사","7호선","7호선","49","삼산체육관","상동","굴포천","3759","757"
"01","수도권","인천교통공사","7호선","7호선","50","굴포천","삼산체육관","부평구청","3760","758"
"01","수도권","인천교통공사","7호선","7호선","51","부평구청","굴포천","산곡","3761","759"
"01","수도권","인천교통공사","7호선","7호선","52","산곡","부평구청","석남(거북시장)","3762","760"
"01","수도권","인천교통공사","7호선","7호선","53","석남(거북시장)","산곡","","",""
"01","수도권","남양주도시공사","8호선","8호선","1","별내","","다산","2805","804"
"01","수도권","남양주도시공사","8호선","8호선","2","다산","별내","동구릉","2806","805"
"01","수도권","구리도시공사","8호선","8호선","3","동구릉","다산","구리","2807","806"
"01","수도권","구리도시공사","8호선","8호선","4","구리","동구릉","장자호수공원","2808","807"
"01","수도권","구리도시공사","8호선","8호선","5","장자호수공원","구리","암사역사공원","2809","808"
"01","수도권","서울교통공사","8호선","8호선","6","암사역사공원","장자호수공원","암사","2810","809"
"01","수도권","서울교통공사","8호선","8호선","7","암사","암사역사공원","천호(풍납토성)","2811","810"
"01","수도권","서울교통공사","8호선","8호선","8","천호(풍납토성)","암사","강동구청","",""
"01","수도권","서울교통공사","8호선","8호선","9","강동구청","천호(풍납토성)","몽촌토성(평화의문)","2813","812"
"01","수도권","서울교통공사","8호선","8호선","10","몽촌토성(평화의문)","강동구청","잠실(송파구청)","",""
"01","수도권","서울교통공사","8호선","8호선","11","잠실(송파구청)","몽촌토성(평화의문)","석촌","",""
"01","수도권","서울교통공사","8호선","8호선","12","석촌","잠실(송파구청)","송파","2816","815"
"01","수도권","서울교통공사","8호선","8호선","13","송파","석촌","가락시장","2817","816"
"01","수도권","서울교통공사","8호선","8호선","14","가락시장","송파","문정","2818","817"
"01","수도권","서울교통공사","8호선","8호선","15","문정","가락시장","장지","2819","818"
"01","수도권","서울교통공사","8호선","8호선","16","장지","문정","복정","2820","819"
"01","수도권","서울교통공사","8호선","8호선","17","복정","장지","남위례","2821","820"
"01","수도권","서울교통공사","8호선","8호선","18","남위례","복정","산성","2828","821"
"01","수도권","서울교통공사","8호선","8호선","19","산성","남위례","남한산성입구(성남법원.검찰청)","2822","822"
"01","수도권","서울교통공사","8호선","8호선","20","남한산성입구(성남법원.검찰청)","산성","단대오거리","",""
"01","수도권","서울교통공사","8호선","8호선","21","단대오거리","남한산성입구(성남법원.검찰청)","신흥","2824","824"
"01","수도권","서울교통공사","8호선","8호선","22","신흥","단대오거리","수진","2825","825"
"01","수도권","서울교통공사","8호선","8호선","23","수진","신흥","모란","2826","826"
"01","수도권","서울교통공사","8호선","8호선","24","모란","수진","","2827","827"
"01","수도권","서울시메트로9호선주식회사","9호선","9호선","1","개화","","김포공항","4101","901"
"01","수도권","서울시메트로9호선주식회사","9호선","9호선","2","김포공항","개화","공항시장","4102","902"
"01","수도권","서울시메트로9호선주식회사","9호선","9호선","3","공항시장","김포공항","신방화","4103","903"
"01","수도권","서울시메트로9호선주식회사","9호선","9호선","4","신방화","공항시장","마곡나루","4104","904"
"01","수도권","서울시메트로9호선주식회사","9호선","9호선","5","마곡나루","신방화","양천향교","4105","905"
"01","수도권","서울시메트로9호선주식회사","9호선","9호선","6","양천향교","마곡나루","가양","4106","906"
"01","수도권","서울시메트로9호선주식회사","9호선","9호선","7","가양","양천향교","증미","4107","907"
"01","수도권","서울시메트로9호선주식회사","9호선","9호선","8","증미","가양","등촌","4108","908"
"01","수도권","서울시메트로9호선주식회사","9호선","9호선","9","등촌","증미","염창","4109","909"
"01","수도권","서울시메트로9호선주식회사","9호선","9호선","10","염창","등촌","신목동","4110","910"
"01","수도권","서울시메트로9호선주식회사","9호선","9호선","11","신목동","염창","선유도","4111","911"
"01","수도권","서울시메트로9호선주식회사","9호선","9호선","12","선유도","신목동","당산","4112","912"
"01","수도권","서울시메트로9호선주식회사","9호선","9호선","13","당산","선유도","국회의사당","4113","913"
"01","수도권","서울시메트로9호선주식회사","9호선","9호선","14","국회의사당","당산","여의도","4114","914"
"01","수도권","서울시메트로9호선주식회사","9호선","9호선","15","여의도","국회의사당","샛강","4115","915"
"01","수도권","서울시메트로9호선주식회사","9호선","9호선","16","샛강","여의도","노량진","4116","916"
"01","수도권","서울시메트로9호선주식회사","9호선","9호선","17","노량진","샛강","노들","4117","917"
"01","수도권","서울시메트로9호선주식회사","9호선","9호선","18","노들","노량진","흑석(중앙대입구)","4118","918"
"01","수도권","서울시메트로9호선주식회사","9호선","9호선","19","흑석(중앙대입구)","노들","동작(현충원)","",""
"01","수도권","서울시메트로9호선주식회사","9호선","9호선","20","동작(현충원)","흑석(중앙대입구)","구반포","",""
"01","수도권","서울시메트로9호선주식회사","9호선","9호선","21","구반포","동작(현충원)","신반포","4121","921"
"01","수도권","서울시메트로9호선주식회사","9호선","9호선","22","신반포","구반포","고속터미널","4122","922"
"01","수도권","서울시메트로9호선주식회사","9호선","9호선","23","고속터미널","신반포","사평","4123","923"
"01","수도권","서울시메트로9호선주식회사","9호선","9호선","24","사평","고속터미널","신논현","4124","924"
"01","수도권","서울시메트로9호선주식회사","9호선","9호선","25","신논현","사평","언주","4125","925"
"01","수도권","서울시메트로9호선주식회사","9호선","9호선","26","언주","신논현","선정릉","4126","926"
"01","수도권","서울시메트로9호선주식회사","9호선","9호선","27","선정릉","언주","삼성중앙","4127","927"
"01","수도권","서울시메트로9호선주식회사","9호선","9호선","28","삼성중앙","선정릉","봉은사","4128","928"
"01","수도권","서울시메트로9호선주식회사","9호선","9호선","29","봉은사","삼성중앙","종합운동장","4129","929"
"01","수도권","서울시메트로9호선주식회사","9호선","9호선","30","종합운동장","봉은사","삼전","4130","930"
"01","수도권","서울시메트로9호선주식회사","9호선","9호선","31","삼전","종합운동장","석촌고분","4131","931"
"01","수도권","서울시메트로9호선주식회사","9호선","9호선","32","석촌고분","삼전","석촌","4132","932"
"01","수도권","서울시메트로9호선주식회사","9호선","9호선","33","석촌","석촌고분","송파나루","4133","933"
"01","수도권","서울시메트로9호선주식회사","9호선","9호선","34","송파나루","석촌","한성백제","4134","934"
"01","수도권","서울시메트로9호선주식회사","9호선","9호선","35","한성백제","송파나루","올림픽공원(한국체대)","4135","935"
"01","수도권","서울시메트로9호선주식회사","9호선","9호선","36","올림픽공원(한국체대)","한성백제","둔촌오륜","",""
"01","수도권","서울시메트로9호선주식회사","9호선","9호선","37","둔촌오륜","올림픽공원(한국체대)","중앙보훈병원","4137","937"
"01","수도권","서울시메트로9호선주식회사","9호선","9호선","38","중앙보훈병원","둔촌오륜","","4138","938"
"01","수도권","지티엑스에이운영","GTX-A","GTX-A","1","수서","","성남","0008","X108"
"01","수도권","지티엑스에이운영","GTX-A","GTX-A","2","성남","수서","구성","0009","X109"
"01","수도권","지티엑스에이운영","GTX-A","GTX-A","3","구성","성남","동탄","0010","X110"
"01","수도권","주식회사 SR","GTX-A","GTX-A","4","동탄","구성","서울역","0011","X111"
"01","수도권","지티엑스에이운영","GTX-A","GTX-A","5","서울역","동탄","연신내","",""
"01","수도권","지티엑스에이운영","GTX-A","GTX-A","6","연신내","서울역","대곡","9004","X105"
"01","수도권","지티엑스에이운영","GTX-A","GTX-A","7","대곡","연신내","킨텍스","9002","X103"
"01","수도권","지티엑스에이운영","GTX-A","GTX-A","8","킨텍스","대곡","운정중앙","9001","X102"
"01","수도권","지티엑스에이운영","GTX-A","GTX-A","9","운정중앙","킨텍스","","9000","X101"
"01","수도권","코레일","경강","경강","1","판교(판교테크노밸리)","","성남","",""
"01","수도권","코레일","경강","경강","2","성남","판교(판교테크노밸리)","이매","",""
"01","수도권","코레일","경강","경강","3","이매","성남","삼동","",""
"01","수도권","코레일","경강","경강","4","삼동","이매","경기광주","",""
"01","수도권","코레일","경강","경강","5","경기광주","삼동","초월","",""
"01","수도권","코레일","경강","경강","6","초월","경기광주","곤지암","",""
"01","수도권","코레일","경강","경강","7","곤지암","초월","신둔도예촌","",""
"01","수도권","코레일","경강","경강","8","신둔도예촌","곤지암","이천","",""
"01","수도권","코레일","경강","경강","9","이천","신둔도예촌","부발","",""
"01","수도권","코레일","경강","경강","10","부발","이천","세종대왕릉","",""
"01","수도권","코레일","경강","경강","11","세종대왕릉","부발","여주","",""
"01","수도권","코레일","경강","경강","12","여주","세종대왕릉","","",""
"01","수도권","코레일","경의중앙","경의중앙","1","도라산","","임진강","",""
"01","수도권","코레일","경의중앙","경의중앙","2","임진강","도라산","운천","",""
"01","수도권","코레일","경의중앙","경의중앙","3","운천","임진강","문산","",""
"01","수도권","코레일","경의중앙","경의중앙","4","문산","운천","파주(두원대학)","",""
"01","수도권","코레일","경의중앙","경의중앙","5","파주(두원대학)","문산","월롱(서영대학교)","",""
"01","수도권","코레일","경의중앙","경의중앙","6","월롱(서영대학교)","파주(두원대학)","금촌","",""
"01","수도권","코레일","경의중앙","경의중앙","7","금촌","월롱(서영대학교)","금릉","",""
"01","수도권","코레일","경의중앙","경의중앙","8","금릉","금촌","운정","",""
"01","수도권","코레일","경의중앙","경의중앙","9","운정","금릉","야당","",""
"01","수도권","코레일","경의중앙","경의중앙","10","야당","운정","탄현","",""
"01","수도권","코레일","경의중앙","경의중앙","11","탄현","야당","일산","",""
"01","수도권","코레일","경의중앙","경의중앙","12","일산","탄현","풍산","",""
"01","수도권","코레일","경의중앙","경의중앙","13","풍산","일산","백마","",""
"01","수도권","코레일","경의중앙","경의중앙","14","백마","풍산","곡산","",""
"01","수도권","코레일","경의중앙","경의중앙","15","곡산","백마","대곡","",""
"01","수도권","코레일","경의중앙","경의중앙","16","대곡","곡산","능곡","",""
"01","수도권","코레일","경의중앙","경의중앙","17","능곡","대곡","행신","",""
"01","수도권","코레일","경의중앙","경의중앙","18","행신","능곡","강매","",""
"01","수도권","코레일","경의중앙","경의중앙","19","강매","행신","한국항공대","",""
"01","수도권","코레일","경의중앙","경의중앙","20","한국항공대","강매","수색","",""
"01","수도권","코레일","경의중앙","경의중앙","21","수색","한국항공대","신촌","",""
"01","수도권","코레일","경의중앙","경의중앙","21","신촌","수색","디지털미디어시티","",""
"01","수도권","코레일","경의중앙","경의중앙","22","디지털미디어시티","신촌","서울역","",""
"01","수도권","코레일","경의중앙","경의중앙","22","서울역","디지털미디어시티","가좌","",""
"01","수도권","코레일","경의중앙","경의중앙","23","가좌","서울역","홍대입구","",""
"01","수도권","코레일","경의중앙","경의중앙","24","홍대입구","가좌","서강대","",""
"01","수도권","코레일","경의중앙","경의중앙","25","서강대","홍대입구","공덕","",""
"01","수도권","코레일","경의중앙","경의중앙","26","공덕","서강대","효창공원앞","",""
"01","수도권","코레일","경의중앙","경의중앙","27","효창공원앞","공덕","용산","",""
"01","수도권","코레일","경의중앙","경의중앙","28","용산","효창공원앞","이촌","",""
"01","수도권","코레일","경의중앙","경의중앙","29","이촌","용산","서빙고","",""
"01","수도권","코레일","경의중앙","경의중앙","30","서빙고","이촌","한남","",""
"01","수도권","코레일","경의중앙","경의중앙","31","한남","서빙고","옥수","",""
"01","수도권","코레일","경의중앙","경의중앙","32","옥수","한남","응봉","",""
"01","수도권","코레일","경의중앙","경의중앙","33","응봉","옥수","왕십리","",""
"01","수도권","코레일","경의중앙","경의중앙","34","왕십리","응봉","청량리","",""
"01","수도권","코레일","경의중앙","경의중앙","35","청량리","왕십리","회기","",""
"01","수도권","코레일","경의중앙","경의중앙","36","회기","청량리","중랑","",""
"01","수도권","코레일","경의중앙","경의중앙","37","중랑","회기","상봉","",""
"01","수도권","코레일","경의중앙","경의중앙","38","상봉","중랑","망우","",""
"01","수도권","코레일","경의중앙","경의중앙","39","망우","상봉","양원(서울시북부병원)","",""
"01","수도권","코레일","경의중앙","경의중앙","40","양원(서울시북부병원)","망우","구리","",""
"01","수도권","코레일","경의중앙","경의중앙","41","구리","양원(서울시북부병원)","도농","",""
"01","수도권","코레일","경의중앙","경의중앙","42","도농","구리","양정","",""
"01","수도권","코레일","경의중앙","경의중앙","43","양정","도농","덕소","",""
"01","수도권","코레일","경의중앙","경의중앙","44","덕소","양정","도심","",""
"01","수도권","코레일","경의중앙","경의중앙","45","도심","덕소","팔당","",""
"01","수도권","코레일","경의중앙","경의중앙","46","팔당","도심","운길산","",""
"01","수도권","코레일","경의중앙","경의중앙","47","운길산","팔당","양수","",""
"01","수도권","코레일","경의중앙","경의중앙","48","양수","운길산","신원","",""
"01","수도권","코레일","경의중앙","경의중앙","49","신원","양수","국수","",""
"01","수도권","코레일","경의중앙","경의중앙","50","국수","신원","아신(아세아연합신학대)","",""
"01","수도권","코레일","경의중앙","경의중앙","51","아신(아세아연합신학대)","국수","오빈","",""
"01","수도권","코레일","경의중앙","경의중앙","52","오빈","아신(아세아연합신학대)","양평","",""
"01","수도권","코레일","경의중앙","경의중앙","53","양평","오빈","원덕(추읍산)","",""
"01","수도권","코레일","경의중앙","경의중앙","54","원덕(추읍산)","양평","용문","",""
"01","수도권","코레일","경의중앙","경의중앙","55","용문","원덕(추읍산)","지평","",""
"01","수도권","코레일","경의중앙","경의중앙","56","지평","용문","","",""
"01","수도권","코레일","경춘","경춘","1","청량리","","회기","",""
"01","수도권","코레일","경춘","경춘","2","회기","청량리","중랑","",""
"01","수도권","코레일","경춘","경춘","3","중랑","회기","상봉","",""
"01","수도권","코레일","경춘","경춘","4","상봉","중랑","광운대","",""
"01","수도권","코레일","경춘","경춘","5","광운대","상봉","망우","",""
"01","수도권","코레일","경춘","경춘","5","망우","광운대","신내","",""
"01","수도권","코레일","경춘","경춘","6","신내","망우","갈매","",""
"01","수도권","코레일","경춘","경춘","7","갈매","신내","별내(삼육대학교)","",""
"01","수도권","코레일","경춘","경춘","8","별내(삼육대학교)","갈매","퇴계원","",""
"01","수도권","코레일","경춘","경춘","9","퇴계원","별내(삼육대학교)","사릉","",""
"01","수도권","코레일","경춘","경춘","10","사릉","퇴계원","금곡","",""
"01","수도권","코레일","경춘","경춘","11","금곡","사릉","평내호평","",""
"01","수도권","코레일","경춘","경춘","12","평내호평","금곡","천마산","",""
"01","수도권","코레일","경춘","경춘","13","천마산","평내호평","마석","",""
"01","수도권","코레일","경춘","경춘","14","마석","천마산","대성리","",""
"01","수도권","코레일","경춘","경춘","15","대성리","마석","청평","",""
"01","수도권","코레일","경춘","경춘","16","청평","대성리","상천(호명호수)","",""
"01","수도권","코레일","경춘","경춘","17","상천(호명호수)","청평","가평(자라섬.남이섬)","",""
"01","수도권","코레일","경춘","경춘","18","가평(자라섬.남이섬)","상천(호명호수)","굴봉산(제이드가든)","",""
"01","수도권","코레일","경춘","경춘","19","굴봉산(제이드가든)","가평(자라섬.남이섬)","백양리(엘리시안강촌)","",""
"01","수도권","코레일","경춘","경춘","20","백양리(엘리시안강촌)","굴봉산(제이드가든)","강촌","",""
"01","수도권","코레일","경춘","경춘","21","강촌","백양리(엘리시안강촌)","김유정","",""
"01","수도권","코레일","경춘","경춘","22","김유정","강촌","남춘천(강원대)","",""
"01","수도권","코레일","경춘","경춘","23","남춘천(강원대)","김유정","춘천(한림대)","",""
"01","수도권","코레일","경춘","경춘","24","춘천(한림대)","남춘천(강원대)","","",""
"01","수도권","공항철도주식회사","공항","공항","1","서울역","","공덕","",""
"01","수도권","공항철도주식회사","공항","공항","2","공덕","서울역","홍대입구","",""
"01","수도권","공항철도주식회사","공항","공항","3","홍대입구","공덕","디지털미디어시티","",""
"01","수도권","공항철도주식회사","공항","공항","4","디지털미디어시티","홍대입구","마곡나루","",""
"01","수도권","공항철도주식회사","공항","공항","5","마곡나루","디지털미디어시티","김포공항","",""
"01","수도권","공항철도주식회사","공항","공항","6","김포공항","마곡나루","계양","",""
"01","수도권","공항철도주식회사","공항","공항","7","계양","김포공항","검암","",""
"01","수도권","공항철도주식회사","공항","공항","8","검암","계양","청라국제도시","",""
"01","수도권","공항철도주식회사","공항","공항","9","청라국제도시","검암","영종","",""
"01","수도권","공항철도주식회사","공항","공항","10","영종","청라국제도시","운서","",""
"01","수도권","공항철도주식회사","공항","공항","11","운서","영종","공항화물청사","",""
"01","수도권","공항철도주식회사","공항","공항","12","공항화물청사","운서","인천공항1터미널","",""
"01","수도권","공항철도주식회사","공항","공항","13","인천공항1터미널","공항화물청사","인천공항2터미널","",""
"01","수도권","공항철도주식회사","공항","공항","14","인천공항2터미널","인천공항1터미널","","",""
"01","수도권","김포골드라인운영주식회사","김포골드라인","김포골드라인","1","양촌","","구래","",""
"01","수도권","김포골드라인운영주식회사","김포골드라인","김포골드라인","2","구래","양촌","마산","",""
"01","수도권","김포골드라인운영주식회사","김포골드라인","김포골드라인","3","마산","구래","장기","",""
"01","수도권","김포골드라인운영주식회사","김포골드라인","김포골드라인","4","장기","마산","운양","",""
"01","수도권","김포골드라인운영주식회사","김포골드라인","김포골드라인","5","운양","장기","걸포북변","",""
"01","수도권","김포골드라인운영주식회사","김포골드라인","김포골드라인","6","걸포북변","운양","사우(김포시청)","",""
"01","수도권","김포골드라인운영주식회사","김포골드라인","김포골드라인","7","사우(김포시청)","걸포북변","풍무","",""
"01","수도권","김포골드라인운영주식회사","김포골드라인","김포골드라인","8","풍무","사우(김포시청)","고촌","",""
"01","수도권","김포골드라인운영주식회사","김포골드라인","김포골드라인","9","고촌","풍무","김포공항","",""
"01","수도권","김포골드라인운영주식회사","김포골드라인","김포골드라인","10","김포공항","고촌","","",""
"01","수도권","코레일","서해선","서해선","1","일산","","풍산","108C","S07"
"01","수도권","코레일","서해선","서해선","2","풍산","일산","백마","107C","S08"
"01","수도권","코레일","서해선","서해선","3","백마","풍산","곡산","106C","S09"
"01","수도권","코레일","서해선","서해선","4","곡산","백마","대곡","105C","S10"
"01","수도권","코레일","서해선","서해선","5","대곡","곡산","능곡","103C","S11"
"01","수도권","코레일","서해선","서해선","6","능곡","대곡","김포공항역","104C","S12"
"01","수도권","코레일","서해선","서해선","7","김포공항역","능곡","부천종합운동장역","",""
"01","수도권","코레일","서해선","서해선","9","부천종합운동장역","김포공항역","소사","",""
"01","수도권","서해철도주식회사","서해선","서해선","10","소사","부천종합운동장역","소새울","4804","S16"
"01","수도권","서해철도주식회사","서해선","서해선","11","소새울","소사","시흥대야","4805","S17"
"01","수도권","서해철도주식회사","서해선","서해선","12","시흥대야","소새울","신천","4806","S18"
"01","수도권","서해철도주식회사","서해선","서해선","13","신천","시흥대야","신현","4807","S19"
"01","수도권","서해철도주식회사","서해선","서해선","14","신현","신천","시흥시청","4808","S20"
"01","수도권","서해철도주식회사","서해선","서해선","15","시흥시청","신현","시흥능곡","4809","S22"
"01","수도권","서해철도주식회사","서해선","서해선","16","시흥능곡","시흥시청","달미","4810","S23"
"01","수도권","서해철도주식회사","서해선","서해선","17","달미","시흥능곡","선부","4811","S24"
"01","수도권","서해철도주식회사","서해선","서해선","18","선부","달미","초지","4812","S25"
"01","수도권","서해철도주식회사","서해선","서해선","19","초지","선부","시우","4813","S26"
"01","수도권","서해철도주식회사","서해선","서해선","20","시우","초지","원시","4814","S27"
"01","수도권","서해철도주식회사","서해선","서해선","21","원시","시우","","4815","S28"
"01","수도권","코레일","수인분당","수인분당","1","청량리","","왕십리","",""
"01","수도권","코레일","수인분당","수인분당","2","왕십리","청량리","서울숲","",""
"01","수도권","코레일","수인분당","수인분당","3","서울숲","왕십리","압구정로데오","",""
"01","수도권","코레일","수인분당","수인분당","4","압구정로데오","서울숲","강남구청","",""
"01","수도권","코레일","수인분당","수인분당","5","강남구청","압구정로데오","선정릉","",""
"01","수도권","코레일","수인분당","수인분당","6","선정릉","강남구청","선릉","",""
"01","수도권","코레일","수인분당","수인분당","7","선릉","선정릉","한티","",""
"01","수도권","코레일","수인분당","수인분당","8","한티","선릉","도곡","",""
"01","수도권","코레일","수인분당","수인분당","9","도곡","한티","구룡","",""
"01","수도권","코레일","수인분당","수인분당","10","구룡","도곡","개포동","",""
"01","수도권","코레일","수인분당","수인분당","11","개포동","구룡","대모산입구","",""
"01","수도권","코레일","수인분당","수인분당","12","대모산입구","개포동","수서","",""
"01","수도권","코레일","수인분당","수인분당","13","수서","대모산입구","복정(동서울대학)","",""
"01","수도권","코레일","수인분당","수인분당","14","복정(동서울대학)","수서","가천대","",""
"01","수도권","코레일","수인분당","수인분당","15","가천대","복정(동서울대학)","태평","",""
"01","수도권","코레일","수인분당","수인분당","16","태평","가천대","모란","",""
"01","수도권","코레일","수인분당","수인분당","17","모란","태평","야탑","",""
"01","수도권","코레일","수인분당","수인분당","18","야탑","모란","이매(성남아트센터)","",""
"01","수도권","코레일","수인분당","수인분당","19","이매(성남아트센터)","야탑","서현","",""
"01","수도권","코레일","수인분당","수인분당","20","서현","이매(성남아트센터)","수내(한국잡월드)","",""
"01","수도권","코레일","수인분당","수인분당","21","수내(한국잡월드)","서현","정자","",""
"01","수도권","코레일","수인분당","수인분당","22","정자","수내(한국잡월드)","미금(분당서울대병원)","",""
"01","수도권","코레일","수인분당","수인분당","23","미금(분당서울대병원)","정자","오리","",""
"01","수도권","코레일","수인분당","수인분당","24","오리","미금(분당서울대병원)","죽전(단국대)","",""
"01","수도권","코레일","수인분당","수인분당","25","죽전(단국대)","오리","보정","",""
"01","수도권","코레일","수인분당","수인분당","26","보정","죽전(단국대)","구성","",""
"01","수도권","코레일","수인분당","수인분당","27","구성","보정","신갈","",""
"01","수도권","코레일","수인분당","수인분당","28","신갈","구성","기흥(백남준아트센터)","",""
"01","수도권","코레일","수인분당","수인분당","29","기흥(백남준아트센터)","신갈","상갈(루터대학교)","",""
"01","수도권","코레일","수인분당","수인분당","30","상갈(루터대학교)","기흥(백남준아트센터)","청명","",""
"01","수도권","코레일","수인분당","수인분당","31","청명","상갈(루터대학교)","영통(경희대)","",""
"01","수도권","코레일","수인분당","수인분당","32","영통(경희대)","청명","망포","",""
"01","수도권","코레일","수인분당","수인분당","33","망포","영통(경희대)","매탄권선","",""
"01","수도권","코레일","수인분당","수인분당","34","매탄권선","망포","수원시청(경기도문화의전당)","",""
"01","수도권","코레일","수인분당","수인분당","35","수원시청(경기도문화의전당)","매탄권선","매교","",""
"01","수도권","코레일","수인분당","수인분당","36","매교","수원시청(경기도문화의전당)","수원","",""
"01","수도권","코레일","수인분당","수인분당","37","수원","매교","고색","",""
"01","수도권","코레일","수인분당","수인분당","38","고색","수원","오목천","",""
"01","수도권","코레일","수인분당","수인분당","39","오목천","고색","어천","",""
"01","수도권","코레일","수인분당","수인분당","40","어천","오목천","야목","",""
"01","수도권","코레일","수인분당","수인분당","41","야목","어천","사리","",""
"01","수도권","코레일","수인분당","수인분당","42","사리","야목","한대앞","",""
"01","수도권","코레일","수인분당","수인분당","43","한대앞","사리","중앙","",""
"01","수도권","코레일","수인분당","수인분당","44","중앙","한대앞","고잔","",""
"01","수도권","코레일","수인분당","수인분당","45","고잔","중앙","초지","",""
"01","수도권","코레일","수인분당","수인분당","46","초지","고잔","안산","",""
"01","수도권","코레일","수인분당","수인분당","47","안산","초지","신길온천","",""
"01","수도권","코레일","수인분당","수인분당","48","신길온천","안산","정왕","",""
"01","수도권","코레일","수인분당","수인분당","49","정왕","신길온천","오이도","",""
"01","수도권","코레일","수인분당","수인분당","50","오이도","정왕","달월","",""
"01","수도권","코레일","수인분당","수인분당","51","달월","오이도","월곶","",""
"01","수도권","코레일","수인분당","수인분당","52","월곶","달월","소래포구","",""
"01","수도권","코레일","수인분당","수인분당","53","소래포구","월곶","인천논현","",""
"01","수도권","코레일","수인분당","수인분당","54","인천논현","소래포구","호구포","",""
"01","수도권","코레일","수인분당","수인분당","55","호구포","인천논현","남동인더스파크","",""
"01","수도권","코레일","수인분당","수인분당","56","남동인더스파크","호구포","원인재","",""
"01","수도권","코레일","수인분당","수인분당","57","원인재","남동인더스파크","연수","",""
"01","수도권","코레일","수인분당","수인분당","58","연수","원인재","송도","",""
"01","수도권","코레일","수인분당","수인분당","59","송도","연수","인하대","",""
"01","수도권","코레일","수인분당","수인분당","60","인하대","송도","숭의(인하대병원)","",""
"01","수도권","코레일","수인분당","수인분당","61","숭의(인하대병원)","인하대","신포","",""
"01","수도권","코레일","수인분당","수인분당","62","신포","숭의(인하대병원)","인천","",""
"01","수도권","코레일","수인분당","수인분당","63","인천","신포","","",""
"01","수도권","남서울경전철주식회사","신림선","신림선","1","샛강","","대방","4401","S401"
"01","수도권","남서울경전철주식회사","신림선","신림선","2","대방","샛강","서울지방병무청","4402","S402"
"01","수도권","남서울경전철주식회사","신림선","신림선","3","서울지방병무청","대방","보라매","4403","S403"
"01","수도권","남서울경전철주식회사","신림선","신림선","4","보라매","서울지방병무청","보라매공원","4404","S404"
"01","수도권","남서울경전철주식회사","신림선","신림선","5","보라매공원","보라매","보라매병원","4405","S405"
"01","수도권","남서울경전철주식회사","신림선","신림선","6","보라매병원","보라매공원","당곡","4406","S406"
"01","수도권","남서울경전철주식회사","신림선","신림선","7","당곡","보라매병원","신림","4407","S407"
"01","수도권","남서울경전철주식회사","신림선","신림선","8","신림","당곡","서원","4408","S408"
"01","수도권","남서울경전철주식회사","신림선","신림선","9","서원","신림","서울대벤처타운","4409","S409"
"01","수도권","남서울경전철주식회사","신림선","신림선","10","서울대벤처타운","서원","관악산(서울대)","4410","S410"
"01","수도권","남서울경전철주식회사","신림선","신림선","11","관악산(서울대)","서울대벤처타운","","",""
"01","수도권","네오트랜스주식회사","신분당","신분당","1","신사","","논현","",""
"01","수도권","네오트랜스주식회사","신분당","신분당","2","논현","신사","신논현","",""
"01","수도권","네오트랜스주식회사","신분당","신분당","3","신논현","논현","강남","",""
"01","수도권","네오트랜스주식회사","신분당","신분당","4","강남","신논현","양재(서초구청)","",""
"01","수도권","네오트랜스주식회사","신분당","신분당","5","양재(서초구청)","강남","양재시민의숲(매헌)","",""
"01","수도권","네오트랜스주식회사","신분당","신분당","6","양재시민의숲(매헌)","양재(서초구청)","청계산입구","",""
"01","수도권","네오트랜스주식회사","신분당","신분당","7","청계산입구","양재시민의숲(매헌)","판교(판교테크노밸리)","",""
"01","수도권","네오트랜스주식회사","신분당","신분당","8","판교(판교테크노밸리)","청계산입구","정자","",""
"01","수도권","네오트랜스주식회사","신분당","신분당","9","정자","판교(판교테크노밸리)","미금(분당서울대병원)","",""
"01","수도권","네오트랜스주식회사","신분당","신분당","10","미금(분당서울대병원)","정자","동천","",""
"01","수도권","네오트랜스주식회사","신분당","신분당","11","동천","미금(분당서울대병원)","수지구청","",""
"01","수도권","네오트랜스주식회사","신분당","신분당","12","수지구청","동천","성복","",""
"01","수도권","네오트랜스주식회사","신분당","신분당","13","성복","수지구청","상현","",""
"01","수도권","네오트랜스주식회사","신분당","신분당","14","상현","성복","광교중앙(아주대)","",""
"01","수도권","네오트랜스주식회사","신분당","신분당","15","광교중앙(아주대)","상현","광교(경기대)","",""
"01","수도권","네오트랜스주식회사","신분당","신분당","16","광교(경기대)","광교중앙(아주대)","","",""
"01","수도권","용인경량전철주식회사","에버라인","에버라인","1","기흥(백남준아트센터)","","강남대","",""
"01","수도권","용인경량전철주식회사","에버라인","에버라인","2","강남대","기흥(백남준아트센터)","지석","",""
"01","수도권","용인경량전철주식회사","에버라인","에버라인","3","지석","강남대","어정","",""
"01","수도권","용인경량전철주식회사","에버라인","에버라인","4","어정","지석","동백","",""
"01","수도권","용인경량전철주식회사","에버라인","에버라인","5","동백","어정","초당","",""
"01","수도권","용인경량전철주식회사","에버라인","에버라인","6","초당","동백","삼가","",""
"01","수도권","용인경량전철주식회사","에버라인","에버라인","7","삼가","초당","시청.용인대","",""
"01","수도권","용인경량전철주식회사","에버라인","에버라인","8","시청.용인대","삼가","명지대","",""
"01","수도권","용인경량전철주식회사","에버라인","에버라인","9","명지대","시청.용인대","김량장","",""
"01","수도권","용인경량전철주식회사","에버라인","에버라인","10","김량장","명지대","운동장.송담대","",""
"01","수도권","용인경량전철주식회사","에버라인","에버라인","11","운동장.송담대","김량장","고진","",""
"01","수도권","용인경량전철주식회사","에버라인","에버라인","12","고진","운동장.송담대","보평","",""
"01","수도권","용인경량전철주식회사","에버라인","에버라인","13","보평","고진","둔전","",""
"01","수도권","용인경량전철주식회사","에버라인","에버라인","14","둔전","보평","전대.에버랜드","",""
"01","수도권","용인경량전철주식회사","에버라인","에버라인","15","전대.에버랜드","둔전","","",""
"01","수도권","우이신설경전철주식회사","우이신설","우이신설","1","북한산우이","","솔밭공원","",""
"01","수도권","우이신설경전철주식회사","우이신설","우이신설","2","솔밭공원","북한산우이","4.19민주묘지","",""
"01","수도권","우이신설경전철주식회사","우이신설","우이신설","3","4.19민주묘지","솔밭공원","가오리","",""
"01","수도권","우이신설경전철주식회사","우이신설","우이신설","4","가오리","4.19민주묘지","화계","",""
"01","수도권","우이신설경전철주식회사","우이신설","우이신설","5","화계","가오리","삼양","",""
"01","수도권","우이신설경전철주식회사","우이신설","우이신설","6","삼양","화계","삼양사거리","",""
"01","수도권","우이신설경전철주식회사","우이신설","우이신설","7","삼양사거리","삼양","솔샘","",""
"01","수도권","우이신설경전철주식회사","우이신설","우이신설","8","솔샘","삼양사거리","북한산보국문","",""
"01","수도권","우이신설경전철주식회사","우이신설","우이신설","9","북한산보국문","솔샘","정릉","",""
"01","수도권","우이신설경전철주식회사","우이신설","우이신설","10","정릉","북한산보국문","성신여대입구","",""
"01","수도권","우이신설경전철주식회사","우이신설","우이신설","11","성신여대입구","정릉","보문","",""
"01","수도권","우이신설경전철주식회사","우이신설","우이신설","12","보문","성신여대입구","신설동","",""
"01","수도권","우이신설경전철주식회사","우이신설","우이신설","13","신설동","보문","","",""
"01","수도권","의정부경량전철주식회사","의정부","의정부","1","발곡","","회룡","",""
"01","수도권","의정부경량전철주식회사","의정부","의정부","2","회룡","발곡","범골","",""
"01","수도권","의정부경량전철주식회사","의정부","의정부","3","범골","회룡","경전철의정부","",""
"01","수도권","의정부경량전철주식회사","의정부","의정부","4","경전철의정부","범골","의정부시청","",""
"01","수도권","의정부경량전철주식회사","의정부","의정부","5","의정부시청","경전철의정부","흥선","",""
"01","수도권","의정부경량전철주식회사","의정부","의정부","6","흥선","의정부시청","의정부중앙","",""
"01","수도권","의정부경량전철주식회사","의정부","의정부","7","의정부중앙","흥선","동오","",""
"01","수도권","의정부경량전철주식회사","의정부","의정부","8","동오","의정부중앙","새말","",""
"01","수도권","의정부경량전철주식회사","의정부","의정부","9","새말","동오","경기도청북부청사","",""
"01","수도권","의정부경량전철주식회사","의정부","의정부","10","경기도청북부청사","새말","효자","",""
"01","수도권","의정부경량전철주식회사","의정부","의정부","11","효자","경기도청북부청사","곤제","",""
"01","수도권","의정부경량전철주식회사","의정부","의정부","12","곤제","효자","어룡(용현산업단지)","",""
"01","수도권","의정부경량전철주식회사","의정부","의정부","13","어룡(용현산업단지)","곤제","송산","",""
"01","수도권","의정부경량전철주식회사","의정부","의정부","14","송산","어룡(용현산업단지)","탑석","",""
"01","수도권","의정부경량전철주식회사","의정부","의정부","15","탑석","송산","","",""
"01","수도권","인천교통공사","인천1호선","인천1호선","11","계양","","귤현","",""
"01","수도권","인천교통공사","인천1호선","인천1호선","12","귤현","계양","박촌","",""
"01","수도권","인천교통공사","인천1호선","인천1호선","13","박촌","귤현","임학","",""
"01","수도권","인천교통공사","인천1호선","인천1호선","14","임학","박촌","계산","",""
"01","수도권","인천교통공사","인천1호선","인천1호선","15","계산","임학","경인교대입구","",""
"01","수도권","인천교통공사","인천1호선","인천1호선","16","경인교대입구","계산","작전","",""
"01","수도권","인천교통공사","인천1호선","인천1호선","17","작전","경인교대입구","갈산","",""
"01","수도권","인천교통공사","인천1호선","인천1호선","18","갈산","작전","부평구청","",""
"01","수도권","인천교통공사","인천1호선","인천1호선","19","부평구청","갈산","부평시장","",""
"01","수도권","인천교통공사","인천1호선","인천1호선","20","부평시장","부평구청","부평","",""
"01","수도권","인천교통공사","인천1호선","인천1호선","21","부평","부평시장","동수","",""
"01","수도권","인천교통공사","인천1호선","인천1호선","22","동수","부평","부평삼거리","",""
"01","수도권","인천교통공사","인천1호선","인천1호선","23","부평삼거리","동수","간석오거리","",""
"01","수도권","인천교통공사","인천1호선","인천1호선","24","간석오거리","부평삼거리","인천시청","",""
"01","수도권","인천교통공사","인천1호선","인천1호선","25","인천시청","간석오거리","예술회관","",""
"01","수도권","인천교통공사","인천1호선","인천1호선","26","예술회관","인천시청","인천터미널","",""
"01","수도권","인천교통공사","인천1호선","인천1호선","27","인천터미널","예술회관","문학경기장","",""
"01","수도권","인천교통공사","인천1호선","인천1호선","28","문학경기장","인천터미널","선학","",""
"01","수도권","인천교통공사","인천1호선","인천1호선","29","선학","문학경기장","신연수","",""
"01","수도권","인천교통공사","인천1호선","인천1호선","30","신연수","선학","원인재","",""
"01","수도권","인천교통공사","인천1호선","인천1호선","31","원인재","신연수","동춘","",""
"01","수도권","인천교통공사","인천1호선","인천1호선","32","동춘","원인재","동막","",""
"01","수도권","인천교통공사","인천1호선","인천1호선","33","동막","동춘","캠퍼스타운","",""
"01","수도권","인천교통공사","인천1호선","인천1호선","34","캠퍼스타운","동막","테크노파크","",""
"01","수도권","인천교통공사","인천1호선","인천1호선","35","테크노파크","캠퍼스타운","지식정보단지","",""
"01","수도권","인천교통공사","인천1호선","인천1호선","36","지식정보단지","테크노파크","인천대입구","",""
"01","수도권","인천교통공사","인천1호선","인천1호선","37","인천대입구","지식정보단지","센트럴파크","",""
"01","수도권","인천교통공사","인천1호선","인천1호선","38","센트럴파크","인천대입구","국제업무지구","",""
"01","수도권","인천교통공사","인천1호선","인천1호선","39","국제업무지구","센트럴파크","송도달빛축제공원","",""
"01","수도권","인천교통공사","인천1호선","인천1호선","40","송도달빛축제공원","국제업무지구","","",""
"01","수도권","인천교통공사","인천2호선","인천2호선","1","검단오류","","왕길","3201","I201"
"01","수도권","인천교통공사","인천2호선","인천2호선","2","왕길","검단오류","검단사거리","3202","I202"
"01","수도권","인천교통공사","인천2호선","인천2호선","3","검단사거리","왕길","마전","3203","I203"
"01","수도권","인천교통공사","인천2호선","인천2호선","4","마전","검단사거리","완정","3204","I204"
"01","수도권","인천교통공사","인천2호선","인천2호선","5","완정","마전","독정","3205","I205"
"01","수도권","인천교통공사","인천2호선","인천2호선","6","독정","완정","검암","3206","I206"
"01","수도권","인천교통공사","인천2호선","인천2호선","7","검암","독정","검바위","3207","I207"
"01","수도권","인천교통공사","인천2호선","인천2호선","8","검바위","검암","아시아드경기장","3208","I208"
"01","수도권","인천교통공사","인천2호선","인천2호선","9","아시아드경기장","검바위","서구청","3209","I209"
"01","수도권","인천교통공사","인천2호선","인천2호선","10","서구청","아시아드경기장","가정","3210","I210"
"01","수도권","인천교통공사","인천2호선","인천2호선","11","가정","서구청","가정중앙시장","3211","I211"
"01","수도권","인천교통공사","인천2호선","인천2호선","12","가정중앙시장","가정","석남","3212","I212"
"01","수도권","인천교통공사","인천2호선","인천2호선","13","석남","가정중앙시장","서부여성회관","3213","I213"
"01","수도권","인천교통공사","인천2호선","인천2호선","14","서부여성회관","석남","인천가좌","3214","I214"
"01","수도권","인천교통공사","인천2호선","인천2호선","15","인천가좌","서부여성회관","가재울","3215","I215"
"01","수도권","인천교통공사","인천2호선","인천2호선","16","가재울","인천가좌","주안국가산단","3216","I216"
"01","수도권","인천교통공사","인천2호선","인천2호선","17","주안국가산단","가재울","주안","3217","I217"
"01","수도권","인천교통공사","인천2호선","인천2호선","18","주안","주안국가산단","시민공원","3218","I218"
"01","수도권","인천교통공사","인천2호선","인천2호선","19","시민공원","주안","석바위시장","3219","I219"
"01","수도권","인천교통공사","인천2호선","인천2호선","20","석바위시장","시민공원","인천시청","3220","I220"
"01","수도권","인천교통공사","인천2호선","인천2호선","21","인천시청","석바위시장","석천사거리","3221","I221"
"01","수도권","인천교통공사","인천2호선","인천2호선","22","석천사거리","인천시청","모래내시장","3222","I222"
"01","수도권","인천교통공사","인천2호선","인천2호선","23","모래내시장","석천사거리","만수","3223","I223"
"01","수도권","인천교통공사","인천2호선","인천2호선","24","만수","모래내시장","남동구청","3224","I224"
"01","수도권","인천교통공사","인천2호선","인천2호선","25","남동구청","만수","인천대공원","3225","I225"
"01","수도권","인천교통공사","인천2호선","인천2호선","26","인천대공원","남동구청","운연","3226","I226"
"01","수도권","인천교통공사","인천2호선","인천2호선","27","운연","인천대공원","","3227","I227"
"01","수도권","인천국제공항공사","자기부상","자기부상","1","인천공항1터미널","","장기주차장","",""
"01","수도권","인천국제공항공사","자기부상","자기부상","2","장기주차장","인천공항1터미널","합동청사","",""
"01","수도권","인천국제공항공사","자기부상","자기부상","3","합동청사","장기주차장","파라다이스시티","",""
"01","수도권","인천국제공항공사","자기부상","자기부상","4","파라다이스시티","합동청사","워터파크","",""
"01","수도권","인천국제공항공사","자기부상","자기부상","5","워터파크","파라다이스시티","용유","",""
"01","수도권","인천국제공항공사","자기부상","자기부상","6","용유","워터파크","","",""
